{"type":"FeatureCollection","features":[{"properties":{"COUNTYSN":"10014001","COUNTYNAME":"台東縣","name":"台東縣"},"type":"Feature","geometry":{"type":"MultiPolygon","coordinates":[[[[121.60104358069185,22.017919432960984],[121.60091251117932,22.017524352884724],[121.60104358069185,22.017919432960984]]],[[[121.60118354868924,21.953588313711325],[121.6015831281183,21.952890175455607],[121.60118354868924,21.953588313711325]]],[[[121.61469663511656,21.95052440290905],[121.61463175396905,21.950372834574242],[121.61469663511656,21.95052440290905]]],[[[121.60863141154013,21.944373623937583],[121.60327490734728,21.95209409073791],[121.61386492169139,21.953980023984673],[121.61449526075482,21.946095304655366],[121.60863141154013,21.944373623937583]]],[[[121.41892104726573,23.224881153093655],[121.41904504813354,23.224774987357954],[121.41892104726573,23.224881153093655]]],[[[121.41826967968326,23.224184501106315],[121.41830810592766,23.224106711080584],[121.41826967968326,23.224184501106315]]],[[[121.417894583956,23.223818298950796],[121.41785322680626,23.223398869496062],[121.417894583956,23.223818298950796]]],[[[121.4173982291139,23.223497578443734],[121.41730030140823,23.22315367502835],[121.4173982291139,23.223497578443734]]],[[[121.41527073118462,23.22049623375553],[121.41529426452597,23.22043323929843],[121.41527073118462,23.22049623375553]]],[[[121.41559183790696,23.21968400203526],[121.41533345270176,23.21915165198531],[121.41559183790696,23.21968400203526]]],[[[121.4141886798462,23.21760696450387],[121.4140354798093,23.217487517490458],[121.4141886798462,23.21760696450387]]],[[[121.41278776772474,23.21655851594333],[121.41275646548574,23.2162625388457],[121.41278776772474,23.21655851594333]]],[[[121.41198830743899,23.216250619407706],[121.41189296731416,23.216032118499175],[121.41198830743899,23.216250619407706]]],[[[121.41046774941168,23.214793948956434],[121.41056158435087,23.21468754344755],[121.41046774941168,23.214793948956434]]],[[[121.41021891429449,23.214254891483257],[121.41024187407265,23.2141399296572],[121.41021891429449,23.214254891483257]]],[[[121.40663185330146,23.182715886898965],[121.40683069359426,23.182354673109558],[121.40663185330146,23.182715886898965]]],[[[121.40537644365233,23.180164549576226],[121.40507545289503,23.179734972743077],[121.40537644365233,23.180164549576226]]],[[[121.40457317823538,23.179266495042164],[121.40428258672638,23.178409960760696],[121.40457317823538,23.179266495042164]]],[[[121.41835384538551,23.127406963319373],[121.41752941596681,23.127796345477762],[121.41835384538551,23.127406963319373]]],[[[121.4182236733868,23.126810343325182],[121.41817585736901,23.126671645390104],[121.4182236733868,23.126810343325182]]],[[[121.42567710292548,23.12613782920932],[121.4257438672713,23.12595873834076],[121.42567710292548,23.12613782920932]]],[[[121.41010303436958,23.1245800193002],[121.40973913460516,23.12447797290595],[121.41010303436958,23.1245800193002]]],[[[121.41927922479947,23.123155329621667],[121.41908978846176,23.122828534190944],[121.41927922479947,23.123155329621667]]],[[[121.41548106464332,23.122542261619568],[121.41542398234222,23.122415245417237],[121.41548106464332,23.122542261619568]]],[[[121.4166886994959,23.122812743433357],[121.41681034923006,23.12181167872904],[121.4166886994959,23.122812743433357]]],[[[121.39929100898624,23.11501513975132],[121.39917104374406,23.11500366757947],[121.39929100898624,23.11501513975132]]],[[[121.39488802507493,23.114248300867988],[121.39470808945971,23.11392688751678],[121.39488802507493,23.114248300867988]]],[[[121.40130209611371,23.11354230925887],[121.4013067484342,23.11339263572871],[121.40130209611371,23.11354230925887]]],[[[121.39392897085173,23.111803687503755],[121.39378350659756,23.111368836533405],[121.39392897085173,23.111803687503755]]],[[[121.39422532642993,23.11126104753593],[121.39417598442292,23.11113166495157],[121.39422532642993,23.11126104753593]]],[[[121.39350052687517,23.1106351491507],[121.39353006474568,23.110148342597864],[121.39350052687517,23.1106351491507]]],[[[121.39185774972768,23.108082016970698],[121.39148378189998,23.10781049587568],[121.39185774972768,23.108082016970698]]],[[[121.39066020645028,23.10807550383683],[121.3904480613522,23.107037299240623],[121.39066020645028,23.10807550383683]]],[[[121.39083089996109,23.10707974307275],[121.39082635903573,23.106942987874444],[121.39083089996109,23.10707974307275]]],[[[121.38969894145816,23.106212673098433],[121.38956195791872,23.10621432971143],[121.38969894145816,23.106212673098433]]],[[[121.38841713052817,23.10398844873391],[121.3883162470172,23.10352486472164],[121.38841713052817,23.10398844873391]]],[[[121.38682861310406,23.102301347999735],[121.38680789608381,23.102225398274758],[121.38682861310406,23.102301347999735]]],[[[121.38719079083275,23.101757177529564],[121.38541275454149,23.100029518916823],[121.38719079083275,23.101757177529564]]],[[[121.38542782233752,23.099462963957407],[121.3850552048226,23.09742938684568],[121.38542782233752,23.099462963957407]]],[[[121.38409815010213,23.097411363437267],[121.38386283306646,23.096716209147523],[121.38409815010213,23.097411363437267]]],[[[121.38340786967987,23.09658352801536],[121.38432749459031,23.095952463260854],[121.38340786967987,23.09658352801536]]],[[[121.3833809979364,23.09585154593986],[121.38371113265151,23.09568637104363],[121.3833809979364,23.09585154593986]]],[[[121.3825876458589,23.095406253546123],[121.38417285483561,23.092856466011064],[121.3825876458589,23.095406253546123]]],[[[121.38467380070722,23.09222004179912],[121.38463034893219,23.091952249131758],[121.38467380070722,23.09222004179912]]],[[[121.35855551790384,23.086368573430097],[121.35888050029976,23.085853123034678],[121.35855551790384,23.086368573430097]]],[[[121.35875407139014,23.083148156342425],[121.3581777407453,23.081253813647297],[121.35875407139014,23.083148156342425]]],[[[121.27452416683018,22.92274815308816],[121.27292506800067,22.920640331765238],[121.27452416683018,22.92274815308816]]],[[[121.26290175791041,22.9072620914155],[121.25890449103386,22.897933525575937],[121.26290175791041,22.9072620914155]]],[[[121.18751450506288,22.831822621577867],[121.18753739006407,22.83167755847907],[121.18751450506288,22.831822621577867]]],[[[121.18791361115848,22.831089863158997],[121.18796453149906,22.830816383713962],[121.18791361115848,22.831089863158997]]],[[[121.19146328461186,22.829391946384863],[121.19396217963451,22.828438728954758],[121.19146328461186,22.829391946384863]]],[[[121.19752661456573,22.82718906139692],[121.19788938357196,22.827026678245378],[121.19752661456573,22.82718906139692]]],[[[121.19583571618281,22.82743596731804],[121.19250011948344,22.825360541658466],[121.19583571618281,22.82743596731804]]],[[[121.52053637917876,22.68479187610422],[121.52185445461615,22.68566361166891],[121.52053637917876,22.68479187610422]]],[[[121.5118793074763,22.68049369996452],[121.51010030694921,22.68207083452171],[121.5118793074763,22.68049369996452]]],[[[121.51361448858827,22.680226231042887],[121.513385791063,22.680795943655774],[121.51361448858827,22.680226231042887]]],[[[121.49062116363893,22.680442141201777],[121.49025539069322,22.680016851146977],[121.49062116363893,22.680442141201777]]],[[[121.51218729296565,22.67957150576717],[121.51193121526984,22.680303868228805],[121.51218729296565,22.67957150576717]]],[[[121.51107606389256,22.679322174561452],[121.5106843401874,22.680217541306433],[121.51107606389256,22.679322174561452]]],[[[121.51156132088684,22.669680516617724],[121.51127347889818,22.669350499865317],[121.51156132088684,22.669680516617724]]],[[[121.51301583223533,22.666613772250972],[121.51327432388817,22.66716637329068],[121.51301583223533,22.666613772250972]]],[[[121.51163757790258,22.66529426487046],[121.51173848437868,22.664707758390065],[121.51163757790258,22.66529426487046]]],[[[121.51272357490737,22.662957335708583],[121.51205255911792,22.664142913008593],[121.51272357490737,22.662957335708583]]],[[[121.50757545203581,22.65909637782253],[121.50800167222953,22.658643944135775],[121.50757545203581,22.65909637782253]]],[[[121.50045247413722,22.646572487964963],[121.50940039399075,22.63368327647204],[121.49598342123384,22.63279486620083],[121.48827199089808,22.642074800575628],[121.47286814909701,22.64625392671712],[121.47594237076318,22.659069552010067],[121.4627060973216,22.674453273598427],[121.46501622216499,22.67875788594438],[121.47940957785279,22.6761443052532],[121.50936779327351,22.67889147284809],[121.5129023520316,22.666837802887425],[121.50045247413722,22.646572487964963]]],[[[121.50991054520014,22.653979206048554],[121.51038567974697,22.6562578358],[121.50991054520014,22.653979206048554]]],[[[121.50765552999502,22.64962035854263],[121.50723110810078,22.65003714985607],[121.50765552999502,22.64962035854263]]],[[[121.50473988475737,22.642001317813055],[121.50458342961498,22.641637458823205],[121.50473988475737,22.642001317813055]]],[[[121.50822732498784,22.632819516865347],[121.50814573639842,22.63242203642676],[121.50822732498784,22.632819516865347]]],[[[121.44694231083405,23.443741610581338],[121.46329569994047,23.43874703349287],[121.47329232318215,23.44056557202106],[121.48258161360526,23.43011620231219],[121.49581945388192,23.43467538371576],[121.47436092943967,23.387004557893405],[121.46274605962844,23.31456974811331],[121.44741519275938,23.310112845028605],[121.43010969547439,23.286042674392487],[121.413975344708,23.233346399839085],[121.42016483490407,23.22591249068656],[121.39624079306778,23.20433228996597],[121.39775415615567,23.18611700197033],[121.40737275009575,23.165734068342775],[121.39942551931676,23.148847300173625],[121.40089989391461,23.1309729180862],[121.41061253630704,23.123368426020193],[121.42471977243746,23.126297909538692],[121.4024461664921,23.113951527245504],[121.3964437978894,23.11726955665751],[121.38302696227927,23.095377383534192],[121.38004682866975,23.09940421743583],[121.36306072838089,23.09350780652166],[121.35483870058646,23.080003587171472],[121.3567116136876,23.073962642380895],[121.3483098138666,23.068068939544446],[121.33641783702349,23.019874151987793],[121.32772221057016,23.0147133372297],[121.31682277124615,22.982306199925922],[121.29515625225712,22.954455754409956],[121.28373041366142,22.948890815622555],[121.27866323695261,22.930769972144457],[121.25086573085798,22.88590385530475],[121.23910197827612,22.878678534316983],[121.23383444502358,22.865135127418018],[121.20833109478298,22.864934468773033],[121.18969884498111,22.848669767804537],[121.18627185434015,22.832869875049198],[121.19821810799924,22.814787518499937],[121.20105009382351,22.795798315820594],[121.183149910675,22.787273733129037],[121.1740105350642,22.756523461748905],[121.15688662984626,22.747424005683296],[121.12340857865026,22.716450520339233],[121.08137566552166,22.698186838743712],[121.02799630772991,22.6591816771622],[121.01284780641924,22.620547232861735],[121.00918507611026,22.588953006031943],[120.9803349764033,22.561053415141885],[120.94655529530888,22.45724959318672],[120.91717854388916,22.38975451405415],[120.89351921039311,22.326681709330778],[120.89164736736748,22.282964519035147],[120.89627582517147,22.24637777294378],[120.86625585101834,22.22980555655451],[120.85867246879413,22.24080180067422],[120.83460793442283,22.24530857682798],[120.81538896917023,22.263177351673153],[120.79786808389014,22.257845761385298],[120.79792499332791,22.276268365861597],[120.80669185200927,22.27720940126493],[120.80559115197798,22.284049708587663],[120.79314780343587,22.28587441847629],[120.7768847005726,22.302809689049415],[120.77813373004355,22.308557828390352],[120.78727532126977,22.30923850225917],[120.79672694292904,22.31744728564628],[120.79261294150074,22.335541407057864],[120.78486344640129,22.34569171366978],[120.76735498436398,22.347645090468955],[120.76302436508858,22.35913599733435],[120.74346228824089,22.36734295002843],[120.7565379120376,22.388364182166235],[120.75220046443982,22.39249189232753],[120.75766379091455,22.39821039319103],[120.75349937629856,22.405002710893363],[120.77994871442786,22.409247240379315],[120.78958240867608,22.417749749806543],[120.77508284173061,22.443442740145624],[120.77617274679069,22.450188441484958],[120.75103729700126,22.459013475787913],[120.75460658696181,22.471317291480403],[120.75080903803861,22.47920473470563],[120.75766962665747,22.48198778987098],[120.76431519351111,22.49520134376255],[120.75350342465407,22.51137365568901],[120.74991365843762,22.534368088902077],[120.73919305737967,22.552562099308393],[120.73973941259136,22.56312485736376],[120.74879564988626,22.57209901734951],[120.74581693934293,22.58958204173456],[120.75463197162006,22.600786780925535],[120.75507818033884,22.61741941832147],[120.78583933845682,22.66143643476647],[120.79159461204812,22.67928773475301],[120.78673382772844,22.692931963369215],[120.80908158912536,22.688232577844612],[120.81161342213676,22.692046799383686],[120.81906448600158,22.690827172063845],[120.82029276784101,22.695714500054653],[120.83683241783481,22.697068957989465],[120.84858317407462,22.71697211053213],[120.85841271874642,22.713601175909858],[120.883259311832,22.716877140929025],[120.89505956425225,22.73866029175252],[120.89194367933337,22.76377240971906],[120.90385249778073,22.775645119339504],[120.90334780459682,22.79977885977803],[120.89115767605833,22.81163814767856],[120.87155806095195,22.814935790620158],[120.86163033145407,22.826359030388403],[120.8695499337757,22.857679724946266],[120.8592230097667,22.86321406871658],[120.86554454656888,22.869620427557084],[120.85983297038246,22.878220192998416],[120.84042319516999,22.882010979652577],[120.82877007067431,22.903775821976414],[120.83327326054884,22.91229032910154],[120.82181764270229,22.935210770781552],[120.82473378849444,22.952555843295798],[120.82080218766029,22.96189196978316],[120.83017894481026,22.97002765744703],[120.83244184068566,22.980350130620256],[120.84895346270682,22.994616512025495],[120.85105655083196,23.00510751696504],[120.86060430048956,23.00797418478985],[120.86186946543664,23.031063821833445],[120.87984476678761,23.03519841771771],[120.87975050417846,23.04770789099579],[120.8691554498151,23.05969421805902],[120.88556292759954,23.08892081334605],[120.88939168965315,23.11005983231384],[120.88496521960326,23.119281274369296],[120.8880628013607,23.122446501749096],[120.88567867125383,23.14444585706057],[120.87639340331197,23.15134723187201],[120.89497463492748,23.160685021974004],[120.89853954216449,23.17646603157472],[120.91110106677415,23.182300931409973],[120.90588264632724,23.199388066628046],[120.9115955611241,23.20919423620772],[120.9155018199024,23.23751613206035],[120.92620756651864,23.2444571127402],[120.93774499137672,23.244798429232144],[120.97213001895706,23.2819307018915],[120.98662269048619,23.280304874396638],[121.03889744078154,23.30063270214304],[121.05946023880193,23.286166419907364],[121.06243035156754,23.26590317738983],[121.07907388822801,23.23274303276664],[121.09291184503647,23.233765069745825],[121.10859650816134,23.223469596136997],[121.12927647048008,23.223332175952418],[121.13934320907804,23.201933306337835],[121.14673781703407,23.199156779535],[121.17544813155338,23.210094335780383],[121.18939786530562,23.203779677834394],[121.19819736664464,23.18845396503322],[121.19919571046191,23.175178578141775],[121.21252379985181,23.154809836520492],[121.21194738060586,23.14421658113226],[121.23086389265325,23.13928032355678],[121.23851129107274,23.12872038747565],[121.24921837437424,23.131523397626573],[121.25768116504874,23.12606955465599],[121.2672911641921,23.11396722519189],[121.26430735682445,23.103919863467652],[121.27237372596579,23.09785605175212],[121.29151346467272,23.109371214761],[121.3158072808179,23.10971703554842],[121.32197603225298,23.117186111576636],[121.32035171946121,23.13776862929816],[121.32718856476905,23.152202716742952],[121.32210574334833,23.15521103017696],[121.31855093665054,23.16814444100283],[121.32329303053109,23.178724837684513],[121.33497863684022,23.177971627721185],[121.34644949523548,23.21701607592953],[121.3571696680344,23.223729005071025],[121.35260068437512,23.231324403952307],[121.36086497502974,23.24422105704233],[121.35936735266598,23.25260189936027],[121.37789501792304,23.269598486834653],[121.37784159263667,23.300893157566225],[121.38788402911611,23.310671284605114],[121.39020083886675,23.320585261276943],[121.39990512640271,23.323200474913605],[121.40974564958556,23.345867975228593],[121.42220202341291,23.355228423880245],[121.42268913980662,23.360062902961598],[121.40428269422324,23.367326912362373],[121.40020177972073,23.38688827901873],[121.42024008001691,23.42061993109527],[121.43325956526893,23.432783984944656],[121.44013320019812,23.43320022593627],[121.44694231083405,23.443741610581338]]],[[[121.50567342218753,22.087465458575025],[121.50590114111166,22.088258939575287],[121.50567342218753,22.087465458575025]]],[[[121.57067092205106,22.085859731773805],[121.57037989085265,22.08550491762988],[121.57067092205106,22.085859731773805]]],[[[121.52585567503154,22.083348602427296],[121.52580037187496,22.083545495164227],[121.52585567503154,22.083348602427296]]],[[[121.51784280375708,22.082056551494194],[121.51770373758366,22.082244567058236],[121.51784280375708,22.082056551494194]]],[[[121.5109542590011,22.082257541543083],[121.51184459062887,22.081577972139325],[121.5109542590011,22.082257541543083]]],[[[121.58016900957192,22.078030155049138],[121.57928129028708,22.080316015402474],[121.58282594407142,22.08020431882979],[121.58016900957192,22.078030155049138]]],[[[121.56967822727272,22.069287061486456],[121.56981138215004,22.06890998594987],[121.56967822727272,22.069287061486456]]],[[[121.56991838827764,22.06797846980684],[121.57004150096797,22.06789341612285],[121.56991838827764,22.06797846980684]]],[[[121.56798651977446,22.05779745836193],[121.56803290384944,22.057636555231277],[121.56798651977446,22.05779745836193]]],[[[121.56675270540647,22.056825189326],[121.56783526897534,22.05580242484261],[121.56675270540647,22.056825189326]]],[[[121.50765637712517,22.05201244158708],[121.50743992280589,22.05087281700174],[121.50765637712517,22.05201244158708]]],[[[121.50944510087314,22.06919870454923],[121.49938052046211,22.080846437777815],[121.50524224642179,22.085947267493495],[121.53054381201447,22.07880994730484],[121.54493564554127,22.083161838073394],[121.55994786757446,22.080745817001485],[121.56834021454868,22.08671436711958],[121.56893790567548,22.06695807596623],[121.57619705027662,22.06041897760944],[121.56423462559306,22.055190196465972],[121.56707702935722,22.04091291319436],[121.59969885115731,22.022897974890537],[121.5988595439803,22.01527344542983],[121.59324655994884,22.00262223285123],[121.5704715738424,22.0027606270033],[121.55738822737325,22.022832845522622],[121.53612039019839,22.02501129853012],[121.51522671963207,22.04671243843033],[121.50871666942379,22.045937964322174],[121.50944510087314,22.06919870454923]]],[[[121.54479295818857,22.026188945247668],[121.54478171650197,22.026082193779626],[121.54479295818857,22.026188945247668]]],[[[121.54398265537547,22.025352156338194],[121.5441126907879,22.024986841550316],[121.54398265537547,22.025352156338194]]],[[[121.53887977765228,22.0243162743506],[121.5386681107895,22.023347027846647],[121.53887977765228,22.0243162743506]]],[[[121.60118935880648,22.020105120689045],[121.6008584998608,22.019260464078236],[121.60118935880648,22.020105120689045]]],[[[121.19206895511427,22.83965960032244],[121.19189572147334,22.839450139128104],[121.19206895511427,22.83965960032244]]]]}},{"properties":{"COUNTYSN":"10002001","COUNTYNAME":"宜蘭縣","name":"宜蘭縣"},"type":"Feature","geometry":{"type":"MultiPolygon","coordinates":[[[[121.87445341776403,24.535626459595925],[121.87556386585463,24.53396208767794],[121.87445341776403,24.535626459595925]]],[[[121.87422553521748,24.533865881583644],[121.87344920479049,24.5340290599429],[121.87422553521748,24.533865881583644]]],[[[121.86132788495479,24.52752724098167],[121.86133856671981,24.526983596334183],[121.86132788495479,24.52752724098167]]],[[[121.96539056144378,24.982680902008454],[121.9654956676636,24.982526904898275],[121.96539056144378,24.982680902008454]]],[[[121.96492508140656,24.982329164111444],[121.9650038571188,24.982313920346016],[121.96492508140656,24.982329164111444]]],[[[121.96474388769789,24.98207518338451],[121.96477998035543,24.981836242267995],[121.96474388769789,24.98207518338451]]],[[[121.94160854324075,24.973131529708954],[121.94185894526424,24.972935373278684],[121.94160854324075,24.973131529708954]]],[[[121.92193788675475,24.96087241202997],[121.92237645637267,24.960398370595215],[121.92193788675475,24.96087241202997]]],[[[121.92001921487218,24.955469809975668],[121.92000871671479,24.955039091882686],[121.92001921487218,24.955469809975668]]],[[[121.919009803257,24.953849749325535],[121.91889660111673,24.953412496616846],[121.919009803257,24.953849749325535]]],[[[121.91429934018203,24.951380142382824],[121.91443300886515,24.951289956740027],[121.91429934018203,24.951380142382824]]],[[[121.91388980183285,24.951334709353514],[121.91382715690092,24.951253284674653],[121.91388980183285,24.951334709353514]]],[[[121.90998782084233,24.948489267158095],[121.90997456893808,24.94842901594041],[121.90998782084233,24.948489267158095]]],[[[121.90859340297106,24.94839404068732],[121.90842491919913,24.948410460397564],[121.90859340297106,24.94839404068732]]],[[[121.90663328552884,24.94693697480024],[121.90650960082986,24.94667345915035],[121.90663328552884,24.94693697480024]]],[[[121.90447546908332,24.945410629800065],[121.9049629881573,24.944835619002404],[121.90447546908332,24.945410629800065]]],[[[121.90458214935491,24.94288139890244],[121.90439624633801,24.94197113364824],[121.90458214935491,24.94288139890244]]],[[[121.90481642289933,24.941446888720293],[121.9047489551757,24.941177026402386],[121.90481642289933,24.941446888720293]]],[[[121.90451660895074,24.940515323535518],[121.90472359573343,24.940064657795933],[121.90451660895074,24.940515323535518]]],[[[121.89455135855856,24.938841567189964],[121.89433657347449,24.938224717749332],[121.89455135855856,24.938841567189964]]],[[[121.88540318201471,24.920790381623682],[121.88543504098449,24.92064669588773],[121.88540318201471,24.920790381623682]]],[[[121.88532141533356,24.919522355806826],[121.88538105559509,24.91935996204647],[121.88532141533356,24.919522355806826]]],[[[121.88528180200095,24.91845399063305],[121.8851321465009,24.918473611732935],[121.88528180200095,24.91845399063305]]],[[[121.8851909917522,24.91795815522049],[121.88509277721727,24.9176303887511],[121.8851909917522,24.91795815522049]]],[[[121.88488026174419,24.9174542631226],[121.88440834104668,24.916828873530065],[121.88488026174419,24.9174542631226]]],[[[121.88345539333696,24.916648044471252],[121.8834316105207,24.916545015826237],[121.88345539333696,24.916648044471252]]],[[[121.88298944630608,24.9160731251816],[121.88307175056524,24.915975345334658],[121.88298944630608,24.9160731251816]]],[[[121.88287065240861,24.915500744538857],[121.88286243558329,24.915395285416437],[121.88287065240861,24.915500744538857]]],[[[121.88276684129428,24.91507592454203],[121.88278073014773,24.91492949282603],[121.88276684129428,24.91507592454203]]],[[[121.87891952276395,24.91262548487194],[121.87884319614426,24.9124920072872],[121.87891952276395,24.91262548487194]]],[[[121.87534785015993,24.909258617828414],[121.87534712221418,24.909155452309186],[121.87534785015993,24.909258617828414]]],[[[121.87525312862591,24.908774109561254],[121.8752781391419,24.90866174712825],[121.87525312862591,24.908774109561254]]],[[[121.8578384159949,24.89336153070646],[121.85803491354228,24.892839963217504],[121.8578384159949,24.89336153070646]]],[[[121.85630700048134,24.89267865745706],[121.85591999004316,24.89208382040166],[121.85630700048134,24.89267865745706]]],[[[121.85503515116409,24.89201905347801],[121.85513365178649,24.891973421978896],[121.85503515116409,24.89201905347801]]],[[[121.85444065563219,24.89174082549513],[121.85491414564751,24.891307791635022],[121.85444065563219,24.89174082549513]]],[[[121.85390707056202,24.89138340622827],[121.85391628344048,24.89128645746338],[121.85390707056202,24.89138340622827]]],[[[121.85313455843323,24.891486950600587],[121.8532777873598,24.891479378851717],[121.85313455843323,24.891486950600587]]],[[[121.85004243021459,24.88655920973663],[121.85015239260983,24.886026995101325],[121.85004243021459,24.88655920973663]]],[[[121.84971567207052,24.885873372043832],[121.84907461923491,24.88493352589328],[121.84971567207052,24.885873372043832]]],[[[121.84861119077713,24.884603312628577],[121.84854246153338,24.884551468068995],[121.84861119077713,24.884603312628577]]],[[[121.84914149245161,24.88445560684823],[121.84903655736754,24.88424049167324],[121.84914149245161,24.88445560684823]]],[[[121.84980833862163,24.884208528408802],[121.84978040339723,24.884090611848894],[121.84980833862163,24.884208528408802]]],[[[121.84873938075641,24.884012982023545],[121.84876433908435,24.883956984614372],[121.84873938075641,24.884012982023545]]],[[[121.84855515847634,24.883628177882205],[121.84893719760338,24.883093631458056],[121.84855515847634,24.883628177882205]]],[[[121.96411804013752,24.837163195374433],[121.94485033448599,24.836756354293833],[121.93439436871336,24.846430852609206],[121.94520895762578,24.84586367991922],[121.94824652488532,24.850356058312087],[121.95586129510775,24.8494882671359],[121.96411804013752,24.837163195374433]]],[[[121.96459461592367,24.839267069716563],[121.96451872926134,24.8392061256806],[121.96459461592367,24.839267069716563]]],[[[121.964423041821,24.838695574240237],[121.96439328191578,24.837983098024665],[121.964423041821,24.838695574240237]]],[[[121.96443602771653,24.83724312482039],[121.96439515283826,24.837181954752005],[121.96443602771653,24.83724312482039]]],[[[121.88064387328085,24.605561005511927],[121.8805343663199,24.605651548631716],[121.88064387328085,24.605561005511927]]],[[[121.8816711805228,24.605091079025076],[121.88188983969131,24.604859643151904],[121.8816711805228,24.605091079025076]]],[[[121.88929620876608,24.60523722566812],[121.8901244695595,24.604480014185537],[121.88929620876608,24.60523722566812]]],[[[121.88726361818591,24.603515691455964],[121.88735709587999,24.6032956570459],[121.88726361818591,24.603515691455964]]],[[[121.90160276352701,24.599840696249043],[121.90271695444225,24.59938034600992],[121.90160276352701,24.599840696249043]]],[[[121.87017191321439,24.569515909384858],[121.87014795700719,24.569423011978497],[121.87017191321439,24.569515909384858]]],[[[121.87495513863206,24.545624449464434],[121.8745175276201,24.54507355740325],[121.87495513863206,24.545624449464434]]],[[[121.87405663656786,24.544165452170372],[121.87425955330878,24.543747162059862],[121.87405663656786,24.544165452170372]]],[[[121.84524881194487,24.644644194573626],[121.86279531913885,24.61185928980883],[121.88550472908967,24.603359570791586],[121.88199542074987,24.595376836982222],[121.88110709481384,24.59888806384039],[121.87331879970334,24.596639913417047],[121.87947849708189,24.601204843724272],[121.86708640827834,24.605249075941376],[121.85819918398525,24.60088352140777],[121.86253690271165,24.593350952438723],[121.86821025225197,24.597067469970465],[121.86458884880025,24.589405704924186],[121.8687494582904,24.586741587869277],[121.86902497879528,24.58554086380121],[121.86528581189323,24.585040303031388],[121.86966811305636,24.58357903401994],[121.86532680237656,24.581991377405842],[121.86989827733076,24.5818329236627],[121.86848214216482,24.577368089499235],[121.87055190904552,24.59039835828878],[121.8749024157391,24.586203284581167],[121.88090282451248,24.593215182327025],[121.8719604290318,24.584572964770572],[121.87907584034515,24.57953511944455],[121.86952078268322,24.574436452004488],[121.87372828644506,24.53445402837129],[121.86970028045779,24.528422072337488],[121.83990137377985,24.51690893541856],[121.83905900379061,24.49952278968776],[121.85062513315157,24.495363614222164],[121.85104553443567,24.48427457165675],[121.86175421883462,24.480466604639357],[121.84203601104488,24.476678111491243],[121.82121160365978,24.46248344752174],[121.82112262154243,24.454249956640272],[121.7993874260874,24.431412326285407],[121.79062243061591,24.407725108001987],[121.7873208532073,24.373528902310568],[121.77111047470562,24.336539432733378],[121.77246978092286,24.313496023337912],[121.68859479760025,24.333585819352884],[121.685429951506,24.340739748382788],[121.67484253783806,24.337753619189865],[121.66326025863228,24.352826590768732],[121.65347452068772,24.35221448462047],[121.65061804535259,24.359833503937548],[121.64861368756415,24.34959225667727],[121.63095228461816,24.370527686765477],[121.62037611846488,24.363217479545135],[121.62684254960817,24.349536993492165],[121.63545577033743,24.347582533916405],[121.63129582511506,24.34398619699998],[121.63271274669704,24.334689629923005],[121.6286113498384,24.333697361376615],[121.62744671520194,24.34107880756512],[121.6227660201702,24.339463795002732],[121.61882380053844,24.345411933634253],[121.61750616420233,24.33360535706857],[121.60782281135386,24.335425300368225],[121.60422132794068,24.32903360530815],[121.59570696062164,24.331588536318396],[121.60576263895766,24.309448196697534],[121.5970445407157,24.31631081307127],[121.58944178011876,24.31379414642109],[121.5665088876032,24.319185496785984],[121.54522813138213,24.337709238621915],[121.53313522168459,24.337063339520594],[121.52241301870716,24.34299660333426],[121.49524781949191,24.34037133615773],[121.45099901378815,24.365395636699976],[121.44701718286957,24.37550228198493],[121.44173021687989,24.37373416698852],[121.43685353441,24.38348199368383],[121.39982071728043,24.380120691607203],[121.37998100830718,24.36737853273969],[121.36857092520161,24.37271355163318],[121.36902188127733,24.383042287875252],[121.36400703648768,24.389505755482304],[121.353592229086,24.393618274135598],[121.33827576902948,24.389916957857793],[121.32660801451367,24.398847787384398],[121.32752182647467,24.432726431611126],[121.31673917059453,24.441708662907377],[121.31922569214727,24.447514202381495],[121.34272419166541,24.482111075996585],[121.3575609948896,24.486429163185186],[121.3712413360154,24.49830823627355],[121.37341744273736,24.509932765022324],[121.38347715121596,24.51012198744986],[121.39055154043933,24.52293216863451],[121.40153324590958,24.529002384852596],[121.39473511011538,24.555836120968166],[121.41232951565638,24.573439952765096],[121.40302476368747,24.59172537713487],[121.41271058158962,24.603632572276208],[121.41853807001806,24.601099621415944],[121.42761095024775,24.605766479202227],[121.45134440541844,24.6509569295201],[121.44953702307149,24.662192200410665],[121.45967920423368,24.67324833807007],[121.49308395644034,24.673240867835762],[121.51181191310955,24.68435146577054],[121.5365873936753,24.68833271916424],[121.54325365243525,24.705662329491435],[121.57036289407763,24.71395025112227],[121.57467176981116,24.710074278535252],[121.57821157405533,24.722287819996605],[121.58701412505485,24.720073409912196],[121.59739914957872,24.72752879239713],[121.59164652399724,24.744683378079515],[121.59608249477228,24.748317813574673],[121.58896594782966,24.75511953952685],[121.59757785221315,24.77220848769242],[121.59219189161493,24.787804164101658],[121.62542825436061,24.79505966806165],[121.62579692490516,24.808781676551305],[121.64488968066098,24.80924259985265],[121.64737171665517,24.813933711913556],[121.66069378952342,24.810830413070708],[121.66900436827912,24.817996179068956],[121.67426154978568,24.814110514618598],[121.68881190044195,24.81652946582297],[121.68764237605737,24.8248954618351],[121.69642863059039,24.83464635380381],[121.71428047932854,24.841787042711132],[121.73051608630014,24.85529903308575],[121.74570705656853,24.852825943330927],[121.76101340928614,24.856707140536916],[121.76830271973361,24.865693345631186],[121.77545341249905,24.865109470746052],[121.78518012058984,24.87417202530759],[121.78166625110197,24.88947782925597],[121.79295079558483,24.8961706267239],[121.79198511632535,24.899868040877497],[121.83639755691162,24.908286125682015],[121.85392091367783,24.925718078992475],[121.83903392233431,24.944686858042694],[121.84691766584696,24.960296658836818],[121.88851857443443,24.96317278281643],[121.91483889029634,24.979336291020832],[121.9335207689314,24.980909127819874],[121.94459147299472,24.98816826883777],[121.96302236680401,24.98757916984087],[121.96590476011637,24.98297447350034],[121.92640845622847,24.969346106578147],[121.91906312089971,24.954075762481956],[121.90453420687284,24.946025846258944],[121.90375812384357,24.939893067450388],[121.8891261266549,24.93696191255466],[121.88500467379279,24.917877478489718],[121.85227459572322,24.891278933301404],[121.83981661653743,24.872710192503668],[121.84128354522848,24.86638787919044],[121.83610304635309,24.870035840623153],[121.83266400891996,24.863411164534536],[121.83625140928974,24.867445009102596],[121.84064263741705,24.865338382293825],[121.83619934824928,24.86419511423842],[121.82532563840563,24.83377680736001],[121.81778219492567,24.77625663093277],[121.82222919916968,24.74307961409115],[121.83654251047918,24.713899033628405],[121.83794968140128,24.674224837506486],[121.84524881194487,24.644644194573626]]]]}},{"properties":{"COUNTYSN":"63000001","COUNTYNAME":"台北市","name":"台北市"},"type":"Feature","geometry":{"type":"Polygon","coordinates":[[[121.55916455083678,25.21013448717874],[121.57171997955858,25.195400439302777],[121.58374128576618,25.19458142632804],[121.58349366624218,25.17686702339228],[121.5770407017002,25.166990708483887],[121.58985734905151,25.163725993268002],[121.58935604745064,25.152418028963346],[121.60784391128328,25.13019762566689],[121.59560806343937,25.114126068817846],[121.59749514786878,25.109509491909726],[121.62622594793704,25.096044721173907],[121.62795408039014,25.083228768696426],[121.61613959197292,25.06391764052515],[121.62423549015237,25.05574700250688],[121.61630542080974,25.05062749198119],[121.61909826689865,25.04345860874424],[121.64679261332697,25.02798585730901],[121.66592789309509,25.02984165553567],[121.66289019486497,25.02286975146545],[121.63241944019487,25.02560830673323],[121.62326524565485,25.017255696591082],[121.61398957485548,25.019330262821498],[121.59746870791497,25.01473736730789],[121.59588820202819,25.00459617562302],[121.60046567361834,25.001036420513646],[121.60016909347426,24.97695547031919],[121.61419255571555,24.973578122947195],[121.61967696356399,24.967195323378323],[121.5972064414741,24.96049410440127],[121.57859547992301,24.966607009087625],[121.56124211221821,24.96468310976385],[121.55207976148563,24.987178361837014],[121.54497288044757,24.983697252935293],[121.53526582786752,24.995115123786867],[121.52671127785548,24.987131612329705],[121.53248714634468,25.007017424623452],[121.51978013244221,25.01921677977266],[121.50936996532423,25.02143789616158],[121.49529727802913,25.00931601130683],[121.4889191024833,25.013971205510764],[121.48629372847739,25.03274166100242],[121.50321944569885,25.048327876249974],[121.50607386499532,25.07472028658913],[121.48872683186721,25.097147227818013],[121.46613043884022,25.101716030784665],[121.45720834649096,25.108088900876005],[121.45878480958676,25.122957690881346],[121.46482374114116,25.124247013055847],[121.46570181720655,25.131692485145134],[121.48744087893884,25.151410056039296],[121.50257211567298,25.173248906980703],[121.51996521050953,25.169290647109083],[121.52171405874785,25.179134290808804],[121.54110268608773,25.18739050661458],[121.55916455083678,25.21013448717874]]]}},{"properties":{"COUNTYSN":"10009001","COUNTYNAME":"雲林縣","name":"雲林縣"},"type":"Feature","geometry":{"type":"MultiPolygon","coordinates":[[[[120.13009758002833,23.568902455738236],[120.13036030846544,23.576741839438345],[120.13009758002833,23.568902455738236]]],[[[120.10812049577262,23.539621996669993],[120.10366853952628,23.54399413387058],[120.11144034642741,23.555334593105215],[120.12144860889596,23.55609523311414],[120.12448079730255,23.56290251152778],[120.13275147873765,23.564347860881213],[120.13016317023092,23.552558807313805],[120.12539163228409,23.558772014683033],[120.10812049577262,23.539621996669993]]],[[[120.13185897484517,23.530129519364007],[120.12560644530055,23.531331952080574],[120.1292113048332,23.546900847901938],[120.13693477557072,23.543223325060147],[120.12749925955507,23.53282326243857],[120.13185897484517,23.530129519364007]]],[[[120.0974498870625,23.521348112105926],[120.09087969350746,23.528759523932766],[120.09637566741716,23.541261424871212],[120.10187414123409,23.5407241974361],[120.10800983668271,23.533968588925447],[120.10496708922192,23.533138727985435],[120.11162426379212,23.529591929119828],[120.09988280046437,23.52943448020544],[120.0974498870625,23.521348112105926]]],[[[120.0598454365262,23.489558772383507],[120.06514450645837,23.487170568178172],[120.0625282246076,23.4804637610197],[120.05368825295515,23.478929527575367],[120.05831433720805,23.482677847819122],[120.05267861530868,23.487935148800624],[120.04897302357551,23.476778976517153],[120.04286678868532,23.476705518251947],[120.05144491555147,23.492496672178774],[120.04524550114063,23.493822417269328],[120.04094682889388,23.478508729806144],[120.03493841700156,23.482995521891624],[120.03580046132129,23.47751078560167],[120.029789976291,23.47958647852434],[120.02485831851524,23.475230424775933],[120.02388126102106,23.459521790833357],[120.01390704295397,23.459964725232776],[120.01803519111368,23.469508145565587],[120.00963707091083,23.464840878868838],[120.0075780503892,23.461046457156808],[120.02165966316304,23.43866735535099],[120.02032536330303,23.435688248222903],[120.01568484006843,23.43999328351944],[120.00410267146275,23.46092723307049],[119.99696257273476,23.46537607347057],[120.00087990542917,23.473685856249823],[120.08092390240371,23.526281616006298],[120.09354626252411,23.51787621496359],[120.09580434916731,23.510539154533056],[120.08257307959992,23.5125571417575],[120.08249081859383,23.508466250790722],[120.07660016745511,23.507311761662905],[120.07766774358895,23.502044782365843],[120.07059112650232,23.50421511876708],[120.06688083268101,23.500572054754077],[120.07411034699402,23.498773003823686],[120.06640367252729,23.498537531311623],[120.07210408634296,23.493939248505527],[120.06822002867929,23.490123625619876],[120.06540522601709,23.494630634790802],[120.05373975327039,23.492059140378615],[120.0598454365262,23.489558772383507]]],[[[120.1923108413581,23.817642912067488],[120.1922312237748,23.817222249745488],[120.1923108413581,23.817642912067488]]],[[[120.19258930001489,23.816934161712012],[120.19328554158719,23.81588298878203],[120.19258930001489,23.816934161712012]]],[[[120.19100990537797,23.816022361183727],[120.1889125818767,23.81394371647473],[120.19100990537797,23.816022361183727]]],[[[120.17165293914782,23.740801353230403],[120.17642017062914,23.74765097337678],[120.17165293914782,23.740801353230403]]],[[[120.17421973306831,23.74223988246234],[120.17391735699843,23.739119033369022],[120.17421973306831,23.74223988246234]]],[[[120.16964057489506,23.73486027838196],[120.15957771370687,23.721357467276594],[120.15737096158212,23.71744375474794],[120.16964057489506,23.73486027838196]]],[[[120.64450413335379,23.66820013521875],[120.62909132670802,23.635179801755953],[120.63083197433133,23.622038491484208],[120.6343980998933,23.61942599742618],[120.64536024363703,23.631205734065688],[120.65290438116901,23.62958124192271],[120.6517091237711,23.61626339869343],[120.66910834678593,23.60917975120054],[120.68354296275015,23.610676226364422],[120.69110427915223,23.620152519665343],[120.71039728570156,23.61919746512831],[120.71307451589446,23.62789884926704],[120.71854133111786,23.6299293202005],[120.73075394515774,23.618111646708126],[120.72483744809065,23.603805774362442],[120.73264314650473,23.59716148089207],[120.72989283158044,23.593664285873857],[120.73615378063558,23.570448781492516],[120.71765812964203,23.569047771821293],[120.70902521009896,23.575640113793913],[120.69353942824472,23.576318020769182],[120.6762147475398,23.570505052165654],[120.6699862834753,23.57850290352702],[120.6502689503532,23.572559957831807],[120.64342393154361,23.57596962154064],[120.649204208093,23.58357517013936],[120.64855216107743,23.59341911611437],[120.62340236300126,23.590102387722148],[120.61888582670527,23.584133329290115],[120.58980130829094,23.58572510366613],[120.58029867085006,23.58225886315354],[120.5561745912987,23.592984463188785],[120.53311979957554,23.596941724190195],[120.51024851136177,23.619341312200465],[120.50376039290373,23.6352762656049],[120.48875382485255,23.635915509300393],[120.48739382797875,23.630576752992816],[120.47906096907106,23.632923614015677],[120.454219096675,23.626299720393614],[120.45315571251518,23.63062352053587],[120.44455318353904,23.630542889664326],[120.43527858138967,23.62551104468548],[120.43684716714822,23.621787037571792],[120.42522147447954,23.618009751167957],[120.42064897736576,23.62516994824653],[120.41582595877136,23.62138363685584],[120.40661797199763,23.62518691492836],[120.40460620678193,23.63418744160029],[120.40086816628934,23.632165888780193],[120.40263485175898,23.62693940835481],[120.38607201379173,23.620695567599835],[120.37999008014891,23.609998213549083],[120.36649684990117,23.607799699190323],[120.35897769505702,23.594981602604747],[120.33448322487955,23.592694127829198],[120.3331061266672,23.57912074800646],[120.32715942197575,23.57427292071757],[120.30737651628482,23.574627367736245],[120.31059524762978,23.564481290969695],[120.29020975461671,23.562424803901923],[120.29088059905101,23.550748111202594],[120.27640745351134,23.543500552441483],[120.27196179245522,23.53075952492428],[120.26342128899995,23.533549979202707],[120.25610568588165,23.54607503138899],[120.24355058548021,23.543757156162748],[120.24663669065082,23.513801457040884],[120.2230390163588,23.50430841232954],[120.19932246930387,23.513050432602398],[120.18094217913666,23.509871200662715],[120.14584068776958,23.520804584067026],[120.1502718763439,23.531919309317335],[120.13941329283723,23.54949909591924],[120.13769708650243,23.562325410876905],[120.14322932255553,23.56800821633681],[120.14073263372964,23.58345607318456],[120.14477656763437,23.59719936046577],[120.14129060594958,23.598435629193443],[120.141574336485,23.61206841457693],[120.13312971079777,23.6158100983836],[120.14151339159996,23.618682625442826],[120.13345948434385,23.619500922613582],[120.13999957059772,23.621293588715243],[120.14395683149687,23.64932696446927],[120.1756349428795,23.698299822955573],[120.18678428802781,23.70075531108619],[120.17179340034987,23.703379085114875],[120.17139700708476,23.721752019269964],[120.16354188077217,23.71738718555627],[120.16665830755161,23.72425933979078],[120.16322306491092,23.724608861011404],[120.15943687792698,23.7188030239848],[120.16305698656134,23.724942324374936],[120.17169270385854,23.722387818313802],[120.18037655919328,23.75578065205426],[120.19819836368417,23.7567184239493],[120.19874659811947,23.772644917132176],[120.20496700393193,23.77909912031884],[120.18981169216569,23.76168606050561],[120.17083723212399,23.75842512248292],[120.17119472316062,23.755115501588676],[120.16191381994162,23.779892032780033],[120.16641413618369,23.76673797027707],[120.16620444995054,23.771059603824078],[120.1723656406763,23.769420038794937],[120.18535156731734,23.800579631984647],[120.17825902280244,23.79606585730603],[120.17972665553503,23.799082588127725],[120.17407626695359,23.800257841834373],[120.16707972584032,23.79307135075821],[120.17292969192489,23.800493230473478],[120.15674021273739,23.784536656404313],[120.17545841162567,23.803123013532414],[120.17041961421947,23.806658115614383],[120.18024147074982,23.806961190593757],[120.20610533754082,23.822328701769504],[120.19404322610463,23.816198665011687],[120.2041486918571,23.82232102558554],[120.19961642983034,23.82327723228029],[120.23170861980654,23.81687792850974],[120.21275086282182,23.82196782905073],[120.22306198164593,23.83564987638614],[120.21870700471183,23.84114490944398],[120.22793238033756,23.846841658851407],[120.23336997696467,23.844315630655274],[120.23335187645944,23.83786617863038],[120.24223815461872,23.842329981792222],[120.25615721311182,23.833792509131214],[120.30814032834708,23.82029746489297],[120.35814044022764,23.822805703475893],[120.37031112266615,23.828558377211063],[120.41035381681796,23.826373818076515],[120.43314965453851,23.83015730517283],[120.45208175739536,23.81721637322182],[120.50883019569582,23.800424868488765],[120.5513656991416,23.801116868830285],[120.58692774840151,23.791918485292076],[120.6403502196714,23.786038160718185],[120.65597145989256,23.753750969492565],[120.65571255833105,23.734834926870985],[120.64427528361246,23.736713082095477],[120.63970736392392,23.729189194936776],[120.63898950980312,23.710655513586893],[120.64550181228122,23.703332038718234],[120.64807405697128,23.682789853865764],[120.64450413335379,23.66820013521875]]]]}},{"properties":{"COUNTYSN":"10003001","COUNTYNAME":"桃園縣","name":"桃園縣"},"type":"Feature","geometry":{"type":"Polygon","coordinates":[[[121.18979962366132,25.093617942071088],[121.2122525897164,25.10874567389962],[121.23956006343447,25.11507572396779],[121.23915123668904,25.120750690845206],[121.23988285650198,25.11484507345559],[121.24654730373773,25.11795328973775],[121.23973008860114,25.123171475842664],[121.24380192238236,25.118571746546703],[121.26068090579248,25.121976001136307],[121.28355815173758,25.117278089832098],[121.28288224010146,25.10943811397622],[121.29162012146045,25.102645485922228],[121.29924860673769,25.103948486196682],[121.30273043116131,25.096809284783436],[121.34926026579467,25.082389238252162],[121.34246223097837,25.080093578062005],[121.34797819072655,25.078780527586765],[121.34052436210497,25.074091349932285],[121.34989316749487,25.076629223726503],[121.35344627299301,25.073313909352297],[121.34645944902361,25.070285262544598],[121.35489704363602,25.065134458820786],[121.38830147032138,25.063060318407892],[121.39091238142062,25.060822787218072],[121.38447881195813,25.05250839484427],[121.39258080467775,25.055060233591774],[121.40068754424563,25.05136311497609],[121.3939083232907,25.049088232997956],[121.40306690676223,25.045643744908315],[121.40067399266935,25.043230329863096],[121.3906620796172,25.041867029488987],[121.4010775329305,25.037719498832445],[121.39827769542926,25.030086634791946],[121.41215482838442,25.01910417428439],[121.3911760965165,25.01208065145386],[121.40315299566664,24.999215340698456],[121.39401741259691,24.993396852077982],[121.38413658588112,24.995681920869103],[121.38538018004009,24.985933626355198],[121.36904217883982,24.976815391365704],[121.34269519575724,24.982313332580944],[121.32725604756376,24.978330797018963],[121.32350300604122,24.971861090933416],[121.32822007483117,24.972110376207926],[121.32797949293474,24.94913622354893],[121.33160476011294,24.94563861562157],[121.31577677739695,24.93847666322876],[121.32203957192297,24.92802826136071],[121.33977551603363,24.928497397503012],[121.3175556783441,24.916347789237534],[121.326211865909,24.90915638996303],[121.32031930341168,24.900207817050113],[121.3270158660421,24.89591609827273],[121.33330439069363,24.899382852014533],[121.33367795489508,24.89151101321103],[121.34216559707397,24.892548741222075],[121.34566201967517,24.879968211246084],[121.35442301486196,24.873422161891472],[121.34504640124126,24.866940952594003],[121.35803187427665,24.853220476542152],[121.33720727766152,24.848395040285315],[121.33608201614777,24.843835409328992],[121.35480620419723,24.84398245767403],[121.37356102564951,24.833273808153017],[121.39350376541249,24.843940313505854],[121.40711858268544,24.841651108006477],[121.41562041974755,24.835551199054944],[121.41706293479531,24.825326535805853],[121.42365321393693,24.825387089031892],[121.43655909076487,24.812038997862874],[121.43814999684994,24.795461880933836],[121.45037055762751,24.79092469615478],[121.44610397994784,24.781890610630324],[121.42330173565199,24.761899222754185],[121.43418424277677,24.73013884219443],[121.44099609446964,24.72601972826329],[121.45021162273133,24.70569561134232],[121.47419573135907,24.69605478747557],[121.47984561768031,24.673776169849788],[121.45967920423368,24.67324833807007],[121.44953702307149,24.662192200410665],[121.45134440541844,24.6509569295201],[121.4329121267998,24.61637774091422],[121.42455588721374,24.603100548010847],[121.41271058158962,24.603632572276208],[121.3940264507088,24.587203323259992],[121.37269500522893,24.593785123922046],[121.35953544080024,24.613749772349017],[121.36641088584655,24.631688849038778],[121.35785574490433,24.633695485457974],[121.35241301221527,24.64354906910896],[121.35357843787091,24.66762840158811],[121.33920308212417,24.666521414258472],[121.33872787310301,24.679594480615737],[121.32392546465238,24.69504002766734],[121.29955011913374,24.695522084061448],[121.30760953207977,24.71996065215399],[121.29817323502019,24.732561306414997],[121.30770284443898,24.75502582221948],[121.30139293409829,24.763103527384203],[121.26001585706226,24.78195641539203],[121.26049090573802,24.792932210867054],[121.24775469744245,24.796680704794476],[121.24348736492273,24.80866204578784],[121.22163199864558,24.799342289210497],[121.21956313068324,24.81180969270632],[121.2046910162727,24.80724633338456],[121.20330013598061,24.817313021020258],[121.19881104013386,24.81494454169994],[121.17367503419493,24.827668269181494],[121.17620056817577,24.83209860852994],[121.14996471226108,24.844325288907733],[121.16138904673781,24.859493052375743],[121.15571048441232,24.880653611368874],[121.13904949851643,24.882430465354382],[121.13559156999206,24.877993948041095],[121.11632596541243,24.881684473933785],[121.10778227432645,24.886056073731396],[121.1090627501467,24.89774308252745],[121.09117622870869,24.893387086009163],[121.05794356321077,24.905454572772083],[121.0583551258982,24.936684450278168],[121.04627272928238,24.943536547447362],[121.03802924971664,24.94637145559321],[121.0193324296938,24.940411175807256],[121.0071024641934,24.946229219525073],[120.99270340106742,24.93507905965734],[120.98603570111636,24.939448358065867],[121.01244009251654,24.974286180727965],[121.00986217751331,24.98948007730442],[121.01807136431458,24.988276282096496],[121.00935265930076,24.990220483727473],[121.05187748857543,25.041873071897335],[121.08271658788848,25.051836832952365],[121.0910143704241,25.061814470444006],[121.1199517952689,25.07472894959233],[121.15977699458148,25.082207961519835],[121.18979962366132,25.093617942071088]]]}},{"properties":{"COUNTYSN":"10013001","COUNTYNAME":"屏東縣","name":"屏東縣"},"type":"Feature","geometry":{"type":"MultiPolygon","coordinates":[[[[120.70254097053987,22.055656509457584],[120.70470276782996,22.055142852695845],[120.70254097053987,22.055656509457584]]],[[[120.35878313463898,22.321686188884627],[120.35326147867578,22.32802224084573],[120.36710603042155,22.35168832801877],[120.37963125428892,22.35582762645067],[120.38959660506173,22.34724553582774],[120.35878313463898,22.321686188884627]]],[[[120.88925384085276,22.130492579293396],[120.8890157650073,22.130335952417642],[120.88925384085276,22.130492579293396]]],[[[120.8876725716315,22.12607088663004],[120.88760008113438,22.123975119514125],[120.8876725716315,22.12607088663004]]],[[[120.69254596217262,22.009621056284804],[120.68622478094984,22.02991534340689],[120.69776559953526,22.04147553191148],[120.69465247954166,22.04728190068956],[120.69758723776552,22.054996119640407],[120.70723194868421,22.056616421723284],[120.69927150359072,22.08260778482554],[120.71623750622757,22.09179241941532],[120.71611016427734,22.10511029680762],[120.70992775782973,22.12399756392477],[120.70246341306809,22.13124201265103],[120.7033042584765,22.137324281111876],[120.69844918413523,22.1401244132106],[120.7005900208067,22.148927345880832],[120.69340253338575,22.177746821291624],[120.68393397385692,22.1973474383713],[120.68578852880303,22.2087712407678],[120.67221735456468,22.23372890539436],[120.65089115417621,22.25263640373316],[120.65399748086132,22.25631431558977],[120.64934226747125,22.255712714246584],[120.65237639199874,22.267773578999044],[120.64249731388261,22.303088670443714],[120.60774923494212,22.33873660322434],[120.58494004260248,22.372300174745707],[120.51347970971236,22.416210705740447],[120.45237593829191,22.445929610343168],[120.45505635211985,22.44845173866857],[120.45141382758183,22.44740075555161],[120.43533598303058,22.464144211602957],[120.44557331946541,22.464258848834756],[120.44364365959098,22.46727095611871],[120.4372926096,22.464909708998274],[120.4399921047212,22.469888905930254],[120.43460871813303,22.467697739543606],[120.43393451364261,22.473374026664363],[120.4240574512121,22.47702838409176],[120.42285066952219,22.51842453890958],[120.43086535881181,22.54392572817761],[120.44205433544505,22.560185743995703],[120.4470427335141,22.586513896546943],[120.44547696533617,22.599568730134347],[120.43366151102003,22.617777563725724],[120.43636210335711,22.663421079529517],[120.45277778561177,22.704070847709797],[120.4560677326522,22.722502561670787],[120.45379720181852,22.769434941065057],[120.46877302830202,22.83067539761452],[120.47619325118026,22.838166437202823],[120.49272703898984,22.837284750865148],[120.51001047629005,22.828530701890788],[120.53058776568479,22.832993410088182],[120.55322681475815,22.828382952094586],[120.61425268940216,22.87650979166767],[120.64493085869947,22.885155778887174],[120.64884603732455,22.876973246153415],[120.6558608465034,22.881610105951946],[120.66023661874235,22.86041885652558],[120.67222800463361,22.856368733549974],[120.67907769351716,22.862912517901794],[120.69053522673396,22.864861246800167],[120.70433959422144,22.88054199406314],[120.72044508421193,22.88199881674206],[120.7550999293492,22.86464215884149],[120.77880568459096,22.83518954813504],[120.79258075070797,22.84102029266246],[120.79337864447172,22.85201039062918],[120.80101940547054,22.85099531081076],[120.82431505310745,22.866299746154443],[120.83741146444025,22.864109974083895],[120.84740047236984,22.851909364289863],[120.8531609509878,22.857604589373185],[120.86465147333573,22.843098975679506],[120.86160784773554,22.826465042841118],[120.8685703390177,22.816913512715814],[120.89115767605833,22.81163814767856],[120.90169581441795,22.803250477202088],[120.90385249778073,22.775645119339504],[120.89194367933337,22.76377240971906],[120.89565047379905,22.741652484416566],[120.8854722836915,22.71947081314372],[120.85841271874642,22.713601175909858],[120.84858317407462,22.71697211053213],[120.83721463308117,22.69733126587109],[120.82029276784101,22.695714500054653],[120.81906448600158,22.690827172063845],[120.81161342213676,22.692046799383686],[120.80888006175906,22.68824136842758],[120.78673382772844,22.692931963369215],[120.79159461204812,22.67928773475301],[120.78583933845682,22.66143643476647],[120.76126067841123,22.62985684865063],[120.75287379641924,22.611884084289397],[120.75463197162006,22.600786780925535],[120.74581693934293,22.58958204173456],[120.74879564988626,22.57209901734951],[120.74157234526471,22.568718627560763],[120.73919305737967,22.552562099308393],[120.74991365843762,22.534368088902077],[120.75364567330386,22.51098091547799],[120.76431519351111,22.49520134376255],[120.75766962665747,22.48198778987098],[120.75080903803861,22.47920473470563],[120.75460658696181,22.471317291480403],[120.75103729700126,22.459013475787913],[120.77617274679069,22.450188441484958],[120.77508284173061,22.443442740145624],[120.78958240867608,22.417749749806543],[120.77994871442786,22.409247240379315],[120.75349937629856,22.405002710893363],[120.75766379091455,22.39821039319103],[120.75220046443982,22.39249189232753],[120.7565379120376,22.388364182166235],[120.74346228824089,22.36734295002843],[120.76302436508858,22.35913599733435],[120.76735498436398,22.347645090468955],[120.78486344640129,22.34569171366978],[120.79261294150074,22.335541407057864],[120.79672694292904,22.31744728564628],[120.78727532126977,22.30923850225917],[120.77813373004355,22.308557828390352],[120.78061550081193,22.295045410721126],[120.78965687809925,22.29352875643753],[120.79326982232482,22.285802312879838],[120.80559115197798,22.284049708587663],[120.80669185200927,22.27720940126493],[120.79800812369015,22.276453705575054],[120.79628500755236,22.26987641227649],[120.7990821248157,22.257118024862834],[120.81538896917023,22.263177351673153],[120.83460793442283,22.24530857682798],[120.85867246879413,22.24080180067422],[120.86432630804175,22.234218234940368],[120.86215451864787,22.230619464017686],[120.88050365470208,22.234529021763954],[120.89627582517147,22.24637777294378],[120.89927144894479,22.234033800639796],[120.89388519656694,22.219519058377486],[120.89640927791636,22.20347148156405],[120.89065611700671,22.19549478168304],[120.8942449183141,22.17259449485054],[120.89117476357052,22.14813134709169],[120.89708092810585,22.14338901099766],[120.88524453727621,22.131761157284746],[120.89239961059938,22.10891290660156],[120.90204236012272,22.105349154846813],[120.89912689777697,22.09434637306153],[120.8907067076852,22.08681731718142],[120.8933822283641,22.048768015122313],[120.90125924306967,22.03409615982974],[120.88812458477386,22.02619828408491],[120.88722167494954,22.016991819271457],[120.87668511360023,22.01161458441631],[120.87578747503456,22.00026956944296],[120.84490694049401,21.988103633397216],[120.84074126562618,21.959313648534774],[120.84104690278753,21.949480058458406],[120.86150525651159,21.917147588531883],[120.86595487305526,21.899597012887078],[120.85178318449995,21.897836973008904],[120.84685870660003,21.913404013355716],[120.83640135367202,21.91662504571271],[120.82214544468124,21.934715332043897],[120.81267785694689,21.933526109470694],[120.80490476900489,21.941230608535893],[120.80039441035537,21.93713592593649],[120.79642516660151,21.94343566377388],[120.78255611672368,21.944232989291148],[120.766129736532,21.959059599842956],[120.75392725886856,21.956352188558185],[120.74363727969612,21.944485811866873],[120.74711123887673,21.93175127528569],[120.74010056798069,21.926806170200617],[120.73959478692487,21.91940340614501],[120.72466102167887,21.920309143028575],[120.71928482914278,21.932859343473638],[120.71135160647788,21.934125771624128],[120.7102328587793,21.93961539876781],[120.71432255761255,21.98082117519676],[120.69254596217262,22.009621056284804]]]]}},{"properties":{"COUNTYSN":"10006001","COUNTYNAME":"台中市","name":"台中市"},"type":"Feature","geometry":{"type":"MultiPolygon","coordinates":[[[[120.52977575271069,24.315693396235336],[120.53472030271091,24.31929207766218],[120.53348185131425,24.316388360075692],[120.52977575271069,24.315693396235336]]],[[[120.53480355072584,24.3161732271144],[120.53149567976526,24.31416054064014],[120.53480355072584,24.3161732271144]]],[[[120.48238494102522,24.236537112460248],[120.47690093750164,24.233628887858043],[120.49066873212095,24.25518191065867],[120.48626386254078,24.257311764779914],[120.49312682996886,24.266089249133913],[120.49318312504008,24.266096298825182],[120.49825150356648,24.263887079090935],[120.508013710953,24.283238422342254],[120.49279560226186,24.29725863280963],[120.51121007038755,24.292721051756658],[120.52473458272077,24.308161561809722],[120.51959237396339,24.312971681289355],[120.54940589901989,24.30579227957339],[120.54589186196878,24.307921828646016],[120.55018587166131,24.31615135286194],[120.53874400846354,24.322643019281273],[120.55302849569387,24.324577192452438],[120.55023442930302,24.329663330554702],[120.55424401673149,24.33011069169855],[120.55123945562649,24.332216971603156],[120.55556376339345,24.334229007182593],[120.55284409221413,24.3359775914402],[120.56143907714929,24.35953075366806],[120.58872054148664,24.38973695468089],[120.59551377493123,24.409971942241853],[120.61400414358727,24.429331157033783],[120.61800212652597,24.42743489688435],[120.61466198415215,24.430140923286732],[120.62117546748395,24.44094524622248],[120.63960274215013,24.427793802454246],[120.64602049586964,24.41221095145213],[120.66371577103995,24.402220080523744],[120.69276390982127,24.3671475240674],[120.70743995969808,24.36166441804999],[120.70720530200563,24.360300403595282],[120.70727632285548,24.35781061078993],[120.73052827025802,24.351709179928406],[120.76285443237677,24.326071927784575],[120.80687475525642,24.31547005237451],[120.83793035953278,24.289312576991573],[120.85633711934783,24.288947856799403],[120.87555606480345,24.294933773996686],[120.91183956024862,24.29401868445068],[120.92242968845605,24.304067804804443],[120.91634962758512,24.334728506410812],[120.93566937080828,24.342855550386474],[120.9664432399563,24.33341833136354],[120.98193794206122,24.33586561751296],[120.9917089694554,24.329581873657247],[121.00359776503879,24.332482683639135],[121.0178139335569,24.31144759748371],[121.03385121912656,24.297871383217075],[121.04908315792932,24.29605218000244],[121.05519383699907,24.310397517563658],[121.06995010825156,24.31569335889397],[121.07286579104276,24.32283842453333],[121.08119741174166,24.324059909349316],[121.08634923390318,24.31754877061917],[121.0916767847762,24.318577259859694],[121.10812715080762,24.33088384894978],[121.12141510541203,24.33076517049706],[121.12398296751529,24.340776440553665],[121.14061650953296,24.35959927173276],[121.16797586234145,24.360976870470502],[121.17295733495148,24.373341448377367],[121.18959467582197,24.381538030525437],[121.19662909545153,24.39662850856685],[121.20975060110138,24.39612794143591],[121.2153985004596,24.379482875993215],[121.23123979971663,24.383865848340008],[121.23404347078717,24.39737651101874],[121.24285658512976,24.405836642428806],[121.24519858081474,24.42272056304149],[121.25946177429763,24.42912124106754],[121.3046937892466,24.432836778020697],[121.31673917059453,24.441708662907377],[121.32740400019557,24.433403949465767],[121.32669129190926,24.398761723848377],[121.33827576902948,24.389916957857793],[121.353592229086,24.393618274135598],[121.36400703648768,24.389505755482304],[121.37304862766588,24.368474636096774],[121.38120002977706,24.367522202853298],[121.38837724627409,24.37456990145552],[121.40014658207475,24.38019657785303],[121.43685353441,24.38348199368383],[121.44173021687989,24.37373416698852],[121.44701718286957,24.37550228198493],[121.45099901378815,24.365395636699976],[121.44070147557348,24.35932866404342],[121.43473137560542,24.348149249511714],[121.43374245435854,24.322289602390804],[121.42145714610983,24.308235757686006],[121.40447691939963,24.308782879685374],[121.40279254203787,24.29740795469237],[121.39586859185917,24.28916187512456],[121.39020879823848,24.290262217265077],[121.38005364032513,24.280296903265693],[121.38463291732309,24.255516144997085],[121.36663035973487,24.25269375169918],[121.36059679176056,24.24459555787214],[121.3521607802049,24.244283401989133],[121.35191045798362,24.235001982602164],[121.3426922836257,24.224079905348123],[121.32625101042649,24.232969449781248],[121.30094510466914,24.2372159328338],[121.29296996914871,24.229712857839267],[121.27980182734987,24.230227717341187],[121.26461380398298,24.246281038872212],[121.25469485690583,24.243675135927514],[121.24412401576042,24.223186136329158],[121.23767464362308,24.22019862349567],[121.21951975093323,24.229721189370725],[121.2081535130674,24.22227454242532],[121.19627813154288,24.223657877761582],[121.18130578082135,24.21263842241787],[121.16748669565301,24.225931395542656],[121.16076240916126,24.21565697796564],[121.1477423671845,24.21357766782253],[121.13608617064922,24.197065343951085],[121.10148042722557,24.19662536455965],[121.0847294771995,24.176842980433804],[121.05235829785184,24.155592773200958],[121.04736146817146,24.16083825094162],[121.03782007105644,24.158960607598857],[121.03317629642217,24.149381373154586],[121.02774706368524,24.160308150915697],[121.01939784241114,24.159591514147515],[121.01208996957736,24.15419484022613],[120.99963649638832,24.127885364245962],[120.98904125699676,24.118710923382565],[120.9751565457209,24.116826477821693],[120.94989435471588,24.12784991266722],[120.91973559492813,24.107432407767767],[120.8915353413831,24.115900515276817],[120.89137375932928,24.09780538188883],[120.87808672157152,24.084984730672655],[120.87915587810265,24.10925471902629],[120.87245916503673,24.116840679494793],[120.85865066343149,24.11620111849522],[120.8539251799719,24.12448793533074],[120.84484755133373,24.12451970676172],[120.83033451939592,24.102571819197596],[120.82933237419938,24.071430590531314],[120.80889251466704,24.066106508157695],[120.79166831821378,24.03073491791793],[120.77528125946648,24.018529069299536],[120.77064051091044,24.009086289260264],[120.74599138832089,23.998486416684514],[120.73176902637262,24.008960950555686],[120.70644911560105,24.005154990753184],[120.69150691600156,24.008314359341632],[120.64555693283619,24.034229541008223],[120.64467893359318,24.02586066902744],[120.63607689415346,24.03107568263923],[120.62513081920378,24.03018426908761],[120.62545225896008,24.068740100253905],[120.61850018858888,24.07547903332677],[120.61251115074064,24.102540697328205],[120.54982900694795,24.113824611707184],[120.53274019008937,24.126287492241328],[120.52352560418723,24.139784150774116],[120.52578361845397,24.14902328629534],[120.50834356773328,24.186774312573704],[120.48590467268795,24.197417093735208],[120.49390229735293,24.21362954602391],[120.4879211834904,24.20546955996328],[120.46078067654922,24.215601739982457],[120.46829946413061,24.213138246364565],[120.46124473266501,24.21674337278078],[120.46888117634369,24.214515041513373],[120.48238494102522,24.236537112460248]]]]}},{"properties":{"COUNTYSN":"10011001","COUNTYNAME":"台南市","name":"台南市"},"type":"Feature","geometry":{"type":"Polygon","coordinates":[[[120.57824132019417,23.214778702494204],[120.59248835580962,23.239846836600616],[120.59725628775908,23.22899586055209],[120.60983067356005,23.222627805191813],[120.63402720086398,23.229251425660042],[120.65433934095198,23.224301546148272],[120.65625279047502,23.217846768509983],[120.63694583790722,23.191322167084135],[120.64109491429065,23.182949268923476],[120.63617426320481,23.175131332718212],[120.61656565679165,23.163132779845924],[120.61178068255747,23.151619131988582],[120.60105762655536,23.144119827159404],[120.58845889500736,23.123438773381],[120.58813321421606,23.114175908047876],[120.56697597627604,23.081924571065453],[120.48404441517987,23.017026895253938],[120.47989100581343,23.002681801185233],[120.46033771403366,23.003386787637837],[120.46112709050782,22.990771122276357],[120.45470969646743,22.990627399393624],[120.45294200467312,22.97770914702468],[120.4426294493019,22.977352675104957],[120.4164958938216,22.916345403986234],[120.40869521427,22.912343200636098],[120.39858112879853,22.922442715740917],[120.38680418071375,22.918271035574225],[120.38158988333205,22.921138335247626],[120.37117376340998,22.912261327703398],[120.37248687957117,22.90665177749884],[120.3594626615667,22.901394239511873],[120.36106749498371,22.897808420240153],[120.35196150713729,22.88749051718809],[120.33220476889399,22.88935100145497],[120.32491407568384,22.90042836273158],[120.3196968089847,22.894942736826387],[120.31428666571871,22.899751033410546],[120.28445548976245,22.904742775450547],[120.27793747029959,22.904331739997787],[120.27949710320034,22.89629276946445],[120.25892963564158,22.90186978845511],[120.25875368963199,22.895274665703546],[120.25399308971227,22.894311009946755],[120.23280478780602,22.905627430964945],[120.22952423928002,22.916905989554795],[120.2176397870188,22.909664876552004],[120.19204595865948,22.92120219250129],[120.17503992092708,22.911751354531273],[120.17216768599266,22.947409493522056],[120.16329733176097,22.96507651425952],[120.15531754567633,22.964800987974236],[120.15827904549505,22.969881614675334],[120.15298167356208,22.970379955337446],[120.15945875249089,22.973743531567926],[120.15000135254498,22.986246861507567],[120.1091828627549,23.020053650398],[120.05542419679034,23.04653555451647],[120.0487844879873,23.059547745498506],[120.03290646463952,23.070329039813775],[120.03767024374294,23.105189874448087],[120.06163945795673,23.14351018046987],[120.06876355860072,23.179562125525106],[120.06523772718661,23.182741769725933],[120.06965404333673,23.183186088634194],[120.06568284764603,23.18441111295646],[120.08059578372435,23.205245414874135],[120.0740702573427,23.21155135575046],[120.0824072678119,23.21005925757178],[120.08178932330318,23.21436258715868],[120.07453264120946,23.213053364871822],[120.08282205660284,23.22152942480058],[120.08110616185154,23.235297733455905],[120.0874251946638,23.238164762666788],[120.09514463856685,23.29024739376472],[120.10820092659182,23.297450590978116],[120.10483894885809,23.300850750441878],[120.11563927935846,23.3226505487188],[120.11732218002281,23.339912664576296],[120.14750065824131,23.320690104598082],[120.14971080518121,23.313198750332713],[120.16857242649847,23.30682593831493],[120.17857162719923,23.29179684902677],[120.1890687641925,23.29023806542484],[120.18842862314374,23.301235038954974],[120.21235384962321,23.291673404788433],[120.22280308487424,23.29853880921916],[120.23787908567289,23.326900789658183],[120.25638449502547,23.331071767315052],[120.2670243044481,23.34058986296706],[120.26749495560756,23.344752552241115],[120.26071530142111,23.34447208095602],[120.26610751956493,23.352644805258223],[120.27777013735076,23.347699088562194],[120.28622734737549,23.350289311103623],[120.28378206484837,23.36204136305427],[120.29274542076526,23.37529731599744],[120.3109716150006,23.37544418058574],[120.31484600959543,23.388497778449256],[120.32192330688297,23.383501419235586],[120.33364098527977,23.385962826623107],[120.34638430656936,23.40038053217863],[120.38425823869736,23.404094558018716],[120.40810699752936,23.41342460496125],[120.42003615583023,23.403435046283448],[120.44003457180435,23.41369834617638],[120.47333060430529,23.398124306821902],[120.47937628076666,23.387595002212098],[120.49010334872824,23.395538408178002],[120.49492414674783,23.394350732552397],[120.49892416515824,23.387179973469333],[120.48455786405856,23.379658757604755],[120.48395301052834,23.36957447244694],[120.48846235411017,23.373058946551282],[120.50484920451753,23.368898578405084],[120.51246714071422,23.356356960436056],[120.50473932186033,23.354723139773405],[120.50507793953156,23.344822684435105],[120.53370881393123,23.336474747203106],[120.53997653608121,23.327908971535813],[120.52252506210996,23.31175903866353],[120.52627784547514,23.295408649197544],[120.52044105553439,23.27170821828262],[120.53228831108288,23.25515224320755],[120.51903123279514,23.23899826597423],[120.52636458332226,23.23106676570106],[120.54146794265573,23.22782372905396],[120.55502241660687,23.217450086503867],[120.56534884366208,23.220976135500898],[120.57824132019417,23.214778702494204]]]}},{"properties":{"COUNTYSN":"10017001","COUNTYNAME":"基隆市","name":"基隆市"},"type":"Feature","geometry":{"type":"MultiPolygon","coordinates":[[[[121.78196304432356,25.18913554912561],[121.78899462670293,25.19503884562261],[121.78196304432356,25.18913554912561]]],[[[121.73790116870128,25.16102663951191],[121.73844020925043,25.160954682536072],[121.73790116870128,25.16102663951191]]],[[[121.77994492093491,25.152140345445595],[121.77934542801277,25.151653037584893],[121.77994492093491,25.152140345445595]]],[[[121.78307573496252,25.15185033159591],[121.78196044082091,25.15162160465966],[121.78307573496252,25.15185033159591]]],[[[121.73386615692426,25.15875384454109],[121.74792262532566,25.156390332481454],[121.764847262532,25.16363868583885],[121.77990289668033,25.159041992774952],[121.76876656292804,25.154238757985386],[121.7764392714499,25.15208858483568],[121.77445633598789,25.156278505358834],[121.78990071703737,25.148222194013936],[121.78431900881944,25.147051105055958],[121.79380936315553,25.140513143674777],[121.79093943005418,25.148198595649124],[121.8081604663614,25.147166409430326],[121.80247925479371,25.141379075644352],[121.80315054207317,25.122212893508802],[121.79452864963794,25.126230542194126],[121.79765786156646,25.11423268483667],[121.79027743532235,25.112220015289935],[121.78593314529154,25.1181920779967],[121.77363690697436,25.120269638316266],[121.76690807704662,25.112529966350234],[121.75002640338222,25.10974381117797],[121.75735337889282,25.10667088272353],[121.7594506128095,25.096325200146985],[121.76117446025793,25.07897238099752],[121.76937302507345,25.07791676730204],[121.77571073298431,25.070022252684346],[121.77201289465609,25.063592729237076],[121.76256875778428,25.05696680694598],[121.73009142625958,25.053349232705756],[121.71236001514211,25.068024001627258],[121.69953824246507,25.067381310890323],[121.68024841804402,25.07714775561537],[121.68115898612285,25.088070011557182],[121.67404204974311,25.0829317969025],[121.65569062359438,25.093450351845554],[121.6489343300224,25.10172252344493],[121.65220539244137,25.10473468220529],[121.64316971475313,25.127652881916188],[121.63313677846686,25.130993863539135],[121.62678703069638,25.13960418499722],[121.6775885142469,25.15573046577651],[121.70933947741082,25.175985305302326],[121.70724782390695,25.164830591302067],[121.73055602676503,25.16384591007502],[121.73386615692426,25.15875384454109]]],[[[121.78328577228508,25.194976635773656],[121.78363522708003,25.19546673504078],[121.78328577228508,25.194976635773656]]]]}},{"properties":{"COUNTYSN":"09007001","COUNTYNAME":"連江縣","name":"連江縣"},"type":"Feature","geometry":{"type":"MultiPolygon","coordinates":[[[[119.97043746883782,26.16379429833892],[119.9607914589606,26.149368976336937],[119.95614637588783,26.15205344200808],[119.94912918008754,26.142660554810607],[119.93989499745686,26.144043102201408],[119.92940376621944,26.136771385778992],[119.91421284859227,26.14406684452022],[119.9229664094585,26.163540838071214],[119.92355230667849,26.174358120070888],[119.93484137628349,26.170657269941728],[119.92923000777256,26.16086620258764],[119.93698463615738,26.160702001725927],[119.94091485924334,26.15367192162711],[119.95716060858841,26.167278989491006],[119.95911340371418,26.163109485275548],[119.9734235764352,26.167355785453214],[119.97043746883782,26.16379429833892]],[[119.97036578293314,26.164056158843703],[119.97018595607351,26.1639695709121],[119.97036578293314,26.164056158843703]],[[119.96984097440188,26.163749581903755],[119.96990125609386,26.16379015141254],[119.96988826907831,26.163781411257624],[119.96984097440188,26.163749581903755]],[[119.96990125609386,26.16379015141254],[119.96994253255359,26.16383269304019],[119.96990125609386,26.16379015141254]]],[[[120.00377959690611,26.248437557810696],[120.01186495535302,26.249688255617425],[120.00880950646979,26.24455089056858],[120.00133804610842,26.240666472501804],[120.00377959690611,26.248437557810696]]],[[[120.01212494036882,26.24966072719508],[120.01269075067873,26.25024299374749],[120.01212494036882,26.24966072719508]]],[[[120.01298747649187,26.250724374679304],[120.01976837317355,26.25293872927525],[120.01298747649187,26.250724374679304]]],[[[119.99679804385718,26.257039159134827],[119.99834912222508,26.257146691770746],[119.99679804385718,26.257039159134827]]],[[[119.99810327262671,26.25602894007932],[119.99853769785976,26.2557657394928],[119.99810327262671,26.25602894007932]]],[[[119.99803654424365,26.254575387282852],[119.99871101634234,26.255180877258038],[119.99803654424365,26.254575387282852]]],[[[119.98093475867665,26.271042736876822],[119.98248543105177,26.272200136164777],[119.98093475867665,26.271042736876822]]],[[[119.986830809393,26.276704364501633],[119.99594194325415,26.283293775611277],[119.99784673876059,26.273640311163387],[119.9941737246619,26.27158108850933],[119.99350478349066,26.265784705240826],[119.98644301139824,26.265371603737194],[119.986830809393,26.276704364501633]]],[[[120.01985131012842,26.237889952960312],[120.02256055061571,26.23709553716386],[120.01985131012842,26.237889952960312]]],[[[120.01969187390782,26.237883752237085],[120.01758212401079,26.234308385340167],[120.01695306587186,26.237500949730173],[120.01969187390782,26.237883752237085]]],[[[119.99830955696912,26.25554181567974],[119.9987761372073,26.25533789107389],[119.99830955696912,26.25554181567974]]],[[[119.99172467651674,26.28379778069022],[119.99229917728033,26.28365075011874],[119.99172467651674,26.28379778069022]]],[[[120.02046247033054,26.22689165330116],[120.02024709228152,26.226879143898813],[120.02046247033054,26.22689165330116]]],[[[120.01954159892131,26.223928749341265],[120.01946527110077,26.22374500624294],[120.01954159892131,26.223928749341265]]],[[[120.0178928927473,26.216409120244002],[120.01812111846672,26.216603738962775],[120.0178928927473,26.216409120244002]]],[[[120.01707216158555,26.216596826433392],[120.01729315720911,26.216631281993727],[120.01707216158555,26.216596826433392]]],[[[120.0172036013189,26.216881131356082],[120.0172455054689,26.216982284969394],[120.0172036013189,26.216881131356082]]],[[[120.01734583058892,26.214208323832647],[120.01746933127058,26.214444709965065],[120.01734583058892,26.214208323832647]]],[[[120.01730124044961,26.216749296959016],[120.01718961926926,26.216790350965184],[120.01730124044961,26.216749296959016]]],[[[120.01717339040421,26.21628569921865],[120.01769871006326,26.216286138631595],[120.01717339040421,26.21628569921865]]],[[[120.01794741888479,26.220762280856036],[120.01774920372314,26.22055110671231],[120.01794741888479,26.220762280856036]]],[[[120.02099095734252,26.21294948789326],[120.02134815196607,26.213153155739256],[120.02099095734252,26.21294948789326]]],[[[120.01876116706103,26.212728263897922],[120.01912485663223,26.212716631861504],[120.01876116706103,26.212728263897922]]],[[[120.01918778179731,26.209902996845113],[120.01925538746967,26.21001249517772],[120.01918778179731,26.209902996845113]]],[[[120.01641846820134,26.20914281482981],[120.0165933433574,26.209040976883987],[120.01641846820134,26.20914281482981]]],[[[120.01848553744209,26.2083884202477],[120.01904177167309,26.21010978438529],[120.01848553744209,26.2083884202477]]],[[[120.01859566626025,26.21266007251557],[120.01920296323937,26.211582123467046],[120.01859566626025,26.21266007251557]]],[[[120.02089180255066,26.211966492883093],[120.0216526276896,26.212367075765325],[120.02089180255066,26.211966492883093]]],[[[120.02102386439014,26.212593788086792],[120.02121697254857,26.212943053600583],[120.02102386439014,26.212593788086792]]],[[[119.98818835618243,26.225405636242897],[119.98867020804843,26.225206709919796],[119.98818835618243,26.225405636242897]]],[[[119.9781477498413,26.208082266625055],[119.97827747115126,26.207943293967404],[119.9781477498413,26.208082266625055]]],[[[119.97265880414422,26.192461215368404],[119.97305381045933,26.192502645708704],[119.97265880414422,26.192461215368404]]],[[[119.9764488477776,26.15968987714368],[119.9766437327585,26.160019063127706],[119.9764488477776,26.15968987714368]]],[[[119.97983184376285,26.167473095339346],[119.97979068303297,26.167485679009115],[119.97983184376285,26.167473095339346]]],[[[119.97994649350413,26.167384779465323],[119.97989627289138,26.167411851065502],[119.97994649350413,26.167384779465323]]],[[[119.97988589324373,26.167423975624917],[119.97989465818415,26.167511622930377],[119.97988589324373,26.167423975624917]]],[[[119.97994128957336,26.167361746231983],[119.97999003842767,26.167385769599573],[119.97994128957336,26.167361746231983]]],[[[119.9799692543786,26.167466497210928],[119.97994310227384,26.16752717198477],[119.9799692543786,26.167466497210928]]],[[[119.97919330877708,26.167870243231313],[119.97903085395886,26.16776309707628],[119.97919330877708,26.167870243231313]]],[[[119.97925898169566,26.16794574678226],[119.97932873670356,26.167618648885178],[119.97925898169566,26.16794574678226]]],[[[119.97857782072833,26.16762702380816],[119.97854872927059,26.167675128775077],[119.97857782072833,26.16762702380816]]],[[[119.97818005136946,26.167519123438357],[119.97820443281786,26.16754617945476],[119.97818005136946,26.167519123438357]]],[[[119.97802735468754,26.167458011377825],[119.97809910440286,26.16746337859385],[119.97802735468754,26.167458011377825]]],[[[119.97830685672788,26.167606711200488],[119.97831840636253,26.167636334226962],[119.97830685672788,26.167606711200488]]],[[[119.9784958669559,26.16692207656996],[119.97842385003952,26.16691405348113],[119.9784958669559,26.16692207656996]]],[[[119.97655101937082,26.166531323217452],[119.97654081791399,26.16654182006464],[119.97655101937082,26.166531323217452]]],[[[119.97661950763337,26.166854604620767],[119.97665532850125,26.16689319740691],[119.97661950763337,26.166854604620767]]],[[[119.97362176042216,26.16719009315684],[119.97352991029307,26.167437351097426],[119.97362176042216,26.16719009315684]]],[[[119.97964650178923,26.16493594236511],[119.97966902692119,26.165008011484616],[119.97964650178923,26.16493594236511]]],[[[119.97968900931768,26.165047473858376],[119.9797305435926,26.16508761629319],[119.97968900931768,26.165047473858376]]],[[[119.97951825911142,26.16498732463923],[119.97948890314929,26.1650800941206],[119.97951825911142,26.16498732463923]]],[[[119.97945490197945,26.164336845523074],[119.979491808529,26.16443667430907],[119.97945490197945,26.164336845523074]]],[[[119.97918489609947,26.163715332328213],[119.97920741047021,26.163842526344766],[119.97918489609947,26.163715332328213]]],[[[119.97893496362578,26.163757557047433],[119.97894128589111,26.163797483654065],[119.97893496362578,26.163757557047433]]],[[[119.97899060065141,26.163769032763774],[119.97898408725945,26.163805842363224],[119.97899060065141,26.163769032763774]]],[[[119.97925365743747,26.163702717230382],[119.97928150012108,26.163748782981397],[119.97925365743747,26.163702717230382]]],[[[119.97903992317018,26.163825163048134],[119.97906054008054,26.163788241090455],[119.97903992317018,26.163825163048134]]],[[[119.97916554716738,26.164079185808774],[119.97925244963889,26.164070524454836],[119.97916554716738,26.164079185808774]]],[[[119.97908681379144,26.1640717534676],[119.97913829044506,26.164156799639542],[119.97908681379144,26.1640717534676]]],[[[119.97897767513315,26.162519662485174],[119.97908767228789,26.162465998325466],[119.97897767513315,26.162519662485174]]],[[[119.9783263333251,26.16608826321639],[119.97857542565662,26.165946588846946],[119.9783263333251,26.16608826321639]]],[[[119.97871223175024,26.163695328241996],[119.97869887216893,26.163472716793226],[119.97871223175024,26.163695328241996]]],[[[119.97629070003306,26.166255056383807],[119.97625969853742,26.166263368168387],[119.97629070003306,26.166255056383807]]],[[[119.97627235539193,26.166167607650376],[119.9762605698912,26.166173581102665],[119.97627235539193,26.166167607650376]]],[[[119.97627376778865,26.166207906608367],[119.97626120553059,26.166222286736883],[119.97627376778865,26.166207906608367]]],[[[119.97635435215112,26.1663991709338],[119.97637931590758,26.16638182685853],[119.97635435215112,26.1663991709338]]],[[[119.97806034056785,26.16313871430613],[119.97807901943968,26.163185737248796],[119.97806034056785,26.16313871430613]]],[[[119.97840813684455,26.1622883427493],[119.97842824597289,26.16235193634083],[119.97840813684455,26.1622883427493]]],[[[119.9784201048478,26.162153305267516],[119.97855488727073,26.162139500562265],[119.9784201048478,26.162153305267516]]],[[[119.97792162045229,26.162326183626373],[119.97806124776109,26.162323646617605],[119.97792162045229,26.162326183626373]]],[[[119.97809225922714,26.16239887790905],[119.97823763270458,26.162560873333895],[119.97809225922714,26.16239887790905]]],[[[119.97732074077345,26.161935008091746],[119.9773181223625,26.16198369112464],[119.97732074077345,26.161935008091746]]],[[[119.97728547686535,26.161861578730885],[119.97725077629401,26.161861171088955],[119.97728547686535,26.161861578730885]]],[[[119.97731266050668,26.161714857978076],[119.97760997756605,26.161818847235946],[119.97731266050668,26.161714857978076]]],[[[119.97776698435156,26.161869675994584],[119.97801535483228,26.161974815570847],[119.97776698435156,26.161869675994584]]],[[[119.97306459109413,26.16644816524188],[119.97314441284564,26.166415836163548],[119.97306459109413,26.16644816524188]]],[[[119.97054162681664,26.164401220602052],[119.97062315378265,26.16437386498136],[119.97054162681664,26.164401220602052]]],[[[119.9705417310698,26.164211845695693],[119.97058370213183,26.164313782958953],[119.9705417310698,26.164211845695693]]],[[[119.97724484325208,26.15972357122646],[119.97705804115212,26.15989155753706],[119.97724484325208,26.15972357122646]]],[[[119.9762813558151,26.160151399620904],[119.9763203067822,26.160114638925354],[119.9762813558151,26.160151399620904]]],[[[119.97671852053331,26.160261422028995],[119.97667040679585,26.16033049134528],[119.97671852053331,26.160261422028995]]],[[[119.97679477172201,26.16023417261506],[119.97694371983896,26.160212542193527],[119.97679477172201,26.16023417261506]]],[[[119.97695862143216,26.15958777363267],[119.97705892548194,26.159498855590275],[119.97695862143216,26.15958777363267]]],[[[119.97669294863633,26.159513034062606],[119.97661002873748,26.15956960823335],[119.97669294863633,26.159513034062606]]],[[[119.97631203903609,26.15951687543291],[119.97632278777897,26.159540200140896],[119.97631203903609,26.15951687543291]]],[[[119.97685499500548,26.1596115311623],[119.97675147601231,26.159632038552754],[119.97685499500548,26.1596115311623]]],[[[119.97666455581184,26.159617421498016],[119.97667919950437,26.159665430808175],[119.97666455581184,26.159617421498016]]],[[[119.97554870351179,26.160082599281452],[119.97565462321924,26.160058569308745],[119.97554870351179,26.160082599281452]]],[[[119.97555164058853,26.15995180894309],[119.97556639296597,26.159926060978307],[119.97555164058853,26.15995180894309]]],[[[119.97579454127944,26.160165556107536],[119.97586178515064,26.16018500255598],[119.97579454127944,26.160165556107536]]],[[[119.97802791122174,26.160337284176833],[119.97842259106287,26.160335092193893],[119.97802791122174,26.160337284176833]]],[[[119.97852505255204,26.162233903858343],[119.97900908774595,26.162287776006327],[119.97852505255204,26.162233903858343]]],[[[119.97894975529533,26.165908412903338],[119.97876352084727,26.166132867788313],[119.97894975529533,26.165908412903338]]],[[[119.978392196167,26.163629390032266],[119.97595922630025,26.15998255726373],[119.97592234263713,26.16542401027612],[119.97860761077487,26.16756153699788],[119.978392196167,26.163629390032266]]],[[[119.9659200893546,26.156001461708506],[119.96598707582643,26.156012843408025],[119.9659200893546,26.156001461708506]]],[[[119.96505614699439,26.155518318090923],[119.96509095424092,26.15548935967739],[119.96505614699439,26.155518318090923]]],[[[119.96467861987531,26.155728889238762],[119.96484665286454,26.155766377914716],[119.96467861987531,26.155728889238762]]],[[[119.96486758968598,26.155788275134256],[119.96491070612743,26.15576216766777],[119.96486758968598,26.155788275134256]]],[[[119.96489182076839,26.155450258197597],[119.9649320175245,26.155447488022887],[119.96489182076839,26.155450258197597]]],[[[119.96480331600678,26.15549286655955],[119.9648501768544,26.155525956807427],[119.96480331600678,26.15549286655955]]],[[[119.96475985455223,26.155613758118914],[119.9647845337212,26.155653216120957],[119.96475985455223,26.155613758118914]]],[[[119.96490537577236,26.15587487334427],[119.96495621049387,26.155892724505907],[119.96490537577236,26.15587487334427]]],[[[119.96502492967059,26.155465777738648],[119.9648774664277,26.15550847659207],[119.96502492967059,26.155465777738648]]],[[[119.96491425213183,26.15561088421595],[119.96495892716976,26.155680513783356],[119.96491425213183,26.15561088421595]]],[[[119.96114357040334,26.14880351427721],[119.96144228712335,26.14888436952756],[119.96114357040334,26.14880351427721]]],[[[119.96112315073879,26.149161527013117],[119.96128155862603,26.149157852915184],[119.96112315073879,26.149161527013117]]],[[[119.96055311762647,26.149127137745936],[119.96079425458348,26.14916470301995],[119.96055311762647,26.149127137745936]]],[[[119.96115389602673,26.149487583477672],[119.96126922844074,26.149370893770648],[119.96115389602673,26.149487583477672]]],[[[119.95128456890272,26.144859215960683],[119.95171762482123,26.14460301451553],[119.95128456890272,26.144859215960683]]],[[[119.95119921241003,26.14500514509912],[119.95134908579347,26.145037926751993],[119.95119921241003,26.14500514509912]]],[[[119.93406274751351,26.168495231709997],[119.93438205417792,26.168475212455178],[119.93406274751351,26.168495231709997]]],[[[119.93671728796942,26.16081010143559],[119.93690558508554,26.160768624786208],[119.93671728796942,26.16081010143559]]],[[[119.92574134009455,26.173312419825418],[119.92590384209956,26.173307075296503],[119.92574134009455,26.173312419825418]]],[[[119.92952396421332,26.13678476750317],[119.93011529953891,26.136512272735324],[119.92952396421332,26.13678476750317]]],[[[119.9780351649841,26.16754040056348],[119.97800758628597,26.16753154519018],[119.9780351649841,26.16754040056348]]],[[[119.97665871349763,26.166717288149258],[119.97665234727981,26.166733930512926],[119.97665871349763,26.166717288149258]]],[[[119.97830522321128,26.163403299281747],[119.97831515083249,26.1634848327711],[119.97830522321128,26.163403299281747]]],[[[119.97753207192353,26.161958816774337],[119.97754325361205,26.162060262684907],[119.97753207192353,26.161958816774337]]],[[[119.97791437952161,26.16162252638311],[119.97807860430247,26.161682813344264],[119.97791437952161,26.16162252638311]]],[[[119.9779901760522,26.161781184123964],[119.97807151770833,26.161832951384984],[119.9779901760522,26.161781184123964]]],[[[119.97733490104957,26.161851440961804],[119.9773630642078,26.161879456564595],[119.97733490104957,26.161851440961804]]],[[[119.97763611365967,26.161833552042122],[119.9775680053162,26.161901818807504],[119.97763611365967,26.161833552042122]]],[[[119.97886600656332,26.163716404944758],[119.97884238313681,26.16376367448296],[119.97886600656332,26.163716404944758]]],[[[119.96326689235228,26.167132783721556],[119.96339045046032,26.167156756383726],[119.96326689235228,26.167132783721556]]],[[[120.50448549789363,26.361520525524114],[120.50429155194433,26.361701247504634],[120.50448549789363,26.361520525524114]]],[[[120.503047622274,26.360561749645154],[120.50304480548523,26.360447006844296],[120.503047622274,26.360561749645154]]],[[[120.5003917819725,26.35677294928953],[120.50061786500454,26.356655840161164],[120.5003917819725,26.35677294928953]]],[[[120.50087241300126,26.357777333898625],[120.50107862560571,26.357591400205102],[120.50087241300126,26.357777333898625]]],[[[120.49961879223251,26.355545294109252],[120.49958933392828,26.354836265015727],[120.49961879223251,26.355545294109252]]],[[[120.4890372482241,26.352347928269822],[120.48847227821192,26.352422026762838],[120.4890372482241,26.352347928269822]]],[[[120.48923452375449,26.35270134445528],[120.48953702622923,26.35317281871614],[120.48923452375449,26.35270134445528]]],[[[120.49170621520047,26.35380126133962],[120.49100397989218,26.35388436448982],[120.49170621520047,26.35380126133962]]],[[[120.48761262345218,26.35142270054049],[120.4877376413603,26.35095728323457],[120.48761262345218,26.35142270054049]]],[[[120.48634789303756,26.382314625902755],[120.48629812816438,26.38211683646867],[120.48634789303756,26.382314625902755]]],[[[120.4800322402264,26.382192580354033],[120.4800038368934,26.382025788539913],[120.4800322402264,26.382192580354033]]],[[[120.47964646576787,26.381970785841048],[120.47981811584476,26.38232718277879],[120.47964646576787,26.381970785841048]]],[[[120.47964071983333,26.381778999625073],[120.47961677763368,26.38186621194041],[120.47964071983333,26.381778999625073]]],[[[120.47965652263228,26.381666777248],[120.4799757203216,26.381876261124788],[120.47965652263228,26.381666777248]]],[[[120.49163123876403,26.354695846637668],[120.49178793428074,26.354214049060854],[120.49163123876403,26.354695846637668]]],[[[120.50301506259612,26.35998555885631],[120.48983618879183,26.3542367459715],[120.48767225974859,26.36337675528551],[120.49204180329647,26.365057398476658],[120.48673026332955,26.36920652390619],[120.48338432867357,26.366587378763814],[120.48264966108822,26.377380153644378],[120.47505476200018,26.369514047371904],[120.47968751766275,26.381570328410927],[120.48505759112861,26.38202832162202],[120.48721840873901,26.36964288887962],[120.49732051239972,26.36907833206308],[120.49988816147493,26.376157480097287],[120.50493715536513,26.376672938073664],[120.50431477036166,26.37116054517911],[120.51232359107841,26.371407101313345],[120.51645098856397,26.366240253662777],[120.5152192444595,26.363127732611165],[120.50734265072957,26.367128276342772],[120.50301506259612,26.35998555885631]]],[[[120.48035832927667,26.381677976924895],[120.4805475886399,26.381864113655116],[120.48035832927667,26.381677976924895]]],[[[120.48777459770662,26.351571391693398],[120.48826136404179,26.351532893419243],[120.48777459770662,26.351571391693398]]],[[[119.94593960146568,25.980866754601994],[119.9459392488487,25.980866220607638],[119.94593963744131,25.980867791460206],[119.94593960146568,25.980866754601994]]],[[[119.95005231869855,25.981340201018128],[119.95023306596852,25.981273887847028],[119.95005231869855,25.981340201018128]]],[[[119.99751269919729,25.981353508293406],[119.99761663178025,25.981391811770713],[119.99751269919729,25.981353508293406]]],[[[119.99793252699631,25.980376259389967],[119.99782587417755,25.980585037450265],[119.99793252699631,25.980376259389967]]],[[[119.99782479522135,25.98067834816763],[119.99853505088224,25.9815642533713],[119.99782479522135,25.98067834816763]]],[[[119.9981306359716,25.979899473493447],[119.99814903035193,25.979959268407256],[119.9981306359716,25.979899473493447]]],[[[119.9981229969604,25.979819020090936],[119.99812693810608,25.9798776268971],[119.9981229969604,25.979819020090936]]],[[[119.99733555827751,25.980122744334896],[119.99736760432657,25.979861384994777],[119.99733555827751,25.980122744334896]]],[[[119.99708608308876,25.97924385575933],[119.99733883402413,25.979386970355268],[119.99708608308876,25.97924385575933]]],[[[119.99708762829478,25.979230786891478],[119.99710238178216,25.979185505055387],[119.99708762829478,25.979230786891478]]],[[[119.99761702057545,25.98023539815273],[119.99783115276088,25.979942600713848],[119.99761702057545,25.98023539815273]]],[[[119.99555910106344,25.975897127245457],[119.99561251574681,25.975945413754054],[119.99555910106344,25.975897127245457]]],[[[119.99553520032227,25.975896902063237],[119.99544529637207,25.975858170125004],[119.99553520032227,25.975896902063237]]],[[[119.99476881496011,25.96946873677136],[119.99489330197777,25.96960942309378],[119.99476881496011,25.96946873677136]]],[[[119.99477655559691,25.969626327593353],[119.99465769158316,25.969708235350048],[119.99477655559691,25.969626327593353]]],[[[119.99474684868822,25.96841333559791],[119.9954914101918,25.968598841744026],[119.99474684868822,25.96841333559791]]],[[[119.99139808722894,25.964665249163573],[119.99210304278526,25.9645317166122],[119.99139808722894,25.964665249163573]]],[[[119.99139524353707,25.964008903147597],[119.99102349786448,25.963783795508085],[119.99139524353707,25.964008903147597]]],[[[119.99033336887507,25.963021207197386],[119.99023521645715,25.962955350227602],[119.99033336887507,25.963021207197386]]],[[[119.99005288880127,25.9631359633274],[119.99032584388021,25.96314487620248],[119.99005288880127,25.9631359633274]]],[[[119.99001717606941,25.9630777438398],[119.98955975364515,25.962776276216257],[119.99001717606941,25.9630777438398]]],[[[119.99089483787738,25.963588111563695],[119.99085062402149,25.963411878617553],[119.99089483787738,25.963588111563695]]],[[[119.98114594121658,25.974836754494664],[119.98157407793825,25.975178955906372],[119.98114594121658,25.974836754494664]]],[[[119.9813621838126,25.974756272186106],[119.98191157961348,25.97510426595922],[119.9813621838126,25.974756272186106]]],[[[119.97118827151094,25.97431389475431],[119.97128098084777,25.974222800157715],[119.97118827151094,25.97431389475431]]],[[[119.97128565144529,25.974625816746645],[119.97122421794805,25.974790023697768],[119.97128565144529,25.974625816746645]]],[[[119.97136478159719,25.973933760792143],[119.97152980868583,25.97371504521849],[119.97136478159719,25.973933760792143]]],[[[119.97156199830735,25.973499246909487],[119.97161507420356,25.973569429054265],[119.97156199830735,25.973499246909487]]],[[[119.97177726856789,25.973935817352643],[119.9718529483374,25.974025697906196],[119.97177726856789,25.973935817352643]]],[[[119.97174662306749,25.973844692850278],[119.97174845185134,25.973917103696163],[119.97174662306749,25.973844692850278]]],[[[119.97004301052426,25.97125540219723],[119.96955956435241,25.971049590508933],[119.97004301052426,25.97125540219723]]],[[[119.97035602286478,25.97286727317178],[119.97030654919567,25.973132598104687],[119.97035602286478,25.97286727317178]]],[[[119.9724601650554,25.97018424435999],[119.97063310447955,25.972524721151785],[119.9724601650554,25.97018424435999]]],[[[119.97158778027506,25.973905843593435],[119.97164564703446,25.974293147992217],[119.97158778027506,25.973905843593435]]],[[[119.98209196831384,25.973768548353565],[119.98223874045942,25.973837013940532],[119.98209196831384,25.973768548353565]]],[[[119.98344189317982,25.958201342174537],[119.98387049687483,25.958044469754455],[119.98344189317982,25.958201342174537]]],[[[119.98443240747804,25.95547253568003],[119.98368279428412,25.954511478419366],[119.98443240747804,25.95547253568003]]],[[[119.98392113046869,25.957041194532977],[119.98413139907152,25.957191485685794],[119.98392113046869,25.957041194532977]]],[[[119.9706513542926,25.94846438284618],[119.97085978478536,25.948555773022075],[119.9706513542926,25.94846438284618]]],[[[119.96957870156966,25.94547356721487],[119.9700745813433,25.945502248992817],[119.96957870156966,25.94547356721487]]],[[[119.96789568246703,25.944865124673886],[119.96971162314912,25.94168437101265],[119.96660081147635,25.939813784437106],[119.96789568246703,25.944865124673886]]],[[[119.98217063692223,25.972658954119186],[119.97989900931076,25.96842095950543],[119.98542190038755,25.965676160647742],[119.9948151811806,25.968952295845902],[119.98048531706436,25.952603190023797],[119.97671935912322,25.95526534048214],[119.96980089231562,25.947175780430108],[119.96574439191826,25.94877503095783],[119.98217063692223,25.972658954119186]]],[[[119.95353870735303,25.98025250830854],[119.95363987714366,25.98026663080436],[119.95353870735303,25.98025250830854]]],[[[119.95345032066606,25.979998355792155],[119.95361587156619,25.98008356373551],[119.95345032066606,25.979998355792155]]],[[[119.95346204757882,25.979851954254553],[119.9539051469903,25.980069201923445],[119.95346204757882,25.979851954254553]]],[[[119.95164633791715,25.980701097863598],[119.952191775603,25.98112083659436],[119.95164633791715,25.980701097863598]]],[[[119.95157339020427,25.98093432938655],[119.95171525794815,25.9810825037349],[119.95157339020427,25.98093432938655]]],[[[119.95020066579998,25.981003384725103],[119.95029246753798,25.980961266831528],[119.95020066579998,25.981003384725103]]],[[[119.95158090603347,25.98060427456459],[119.9514072480261,25.98067179744707],[119.95158090603347,25.98060427456459]]],[[[119.95241509135052,25.976331866632947],[119.95261528853923,25.97627016027895],[119.95241509135052,25.976331866632947]]],[[[119.95220205993368,25.975804046866696],[119.95239388392463,25.97558759900138],[119.95220205993368,25.975804046866696]]],[[[119.95219217554305,25.975891540196372],[119.9523284213148,25.97610866985103],[119.95219217554305,25.975891540196372]]],[[[119.94593960146568,25.980866754601994],[119.94622045571607,25.980939330111454],[119.94593960146568,25.980866754601994]]],[[[119.94904148193349,25.981190492901746],[119.94905373584245,25.98152424873452],[119.94904148193349,25.981190492901746]]],[[[119.94987469481991,25.98165104510527],[119.95030556840504,25.981665416515774],[119.94987469481991,25.98165104510527]]],[[[119.92462719102795,25.97326739982505],[119.9271025844378,25.976740352103775],[119.92462719102795,25.97326739982505]]],[[[119.98193387267854,25.974891784206246],[119.98204208438239,25.975056321185463],[119.98193387267854,25.974891784206246]]],[[[119.97233124643256,25.974033298735552],[119.97193666865266,25.973788763433944],[119.97233124643256,25.974033298735552]]],[[[119.9728630791499,25.97302745656374],[119.97264574168484,25.972825733825932],[119.9728630791499,25.97302745656374]]],[[[119.9717960965373,25.973613245772775],[119.97170644691792,25.9735290664642],[119.9717960965373,25.973613245772775]]],[[[119.97126038616237,25.973897928060623],[119.97114279294573,25.97402616572663],[119.97126038616237,25.973897928060623]]],[[[119.9707694976975,25.973067440371562],[119.97059170616488,25.973326386764068],[119.9707694976975,25.973067440371562]]],[[[119.9321118729428,25.98022305272012],[119.93229030474535,25.980382053093912],[119.9321118729428,25.98022305272012]]],[[[120.23441906473342,26.345685209469547],[120.2344854515793,26.34586925778199],[120.23441906473342,26.345685209469547]]],[[[120.23491733076054,26.345656061492377],[120.2345145622613,26.345040064066072],[120.23491733076054,26.345656061492377]]],[[[120.23249871432023,26.341200571079497],[120.23267534650535,26.341136947187657],[120.23249871432023,26.341200571079497]]],[[[120.23074132900508,26.33970332924197],[120.23086487259665,26.3395016314424],[120.23074132900508,26.33970332924197]]],[[[120.23108828014229,26.340502727989005],[120.2313369991277,26.340406895092674],[120.23108828014229,26.340502727989005]]],[[[120.23024009273992,26.338950086175],[120.2303230778609,26.33877312049154],[120.23024009273992,26.338950086175]]],[[[120.229692721537,26.338005926870405],[120.22953787180974,26.33782982925336],[120.229692721537,26.338005926870405]]],[[[120.22865643303967,26.337498588116333],[120.22885770146547,26.33738128101937],[120.22865643303967,26.337498588116333]]],[[[120.22854688383556,26.337519902910483],[120.22873417677928,26.33704598324027],[120.22854688383556,26.337519902910483]]],[[[120.23306604969228,26.342137589407262],[120.23322250278925,26.34281780298559],[120.23306604969228,26.342137589407262]]],[[[120.2223269745641,26.33437192980682],[120.22288139796044,26.334503299241195],[120.2223269745641,26.33437192980682]]],[[[120.22244388839393,26.334610231984875],[120.22248066628197,26.334662262886134],[120.22256222137331,26.334639405021196],[120.22244388839393,26.334610231984875]]],[[[120.22189388818535,26.333303919023184],[120.22176741058075,26.33306718489558],[120.22189388818535,26.333303919023184]]],[[[120.21984291988935,26.334002626683166],[120.21993437504935,26.333421983685895],[120.21984291988935,26.334002626683166]]],[[[120.22154302847406,26.33328621421059],[120.22184820476633,26.333610116291055],[120.22154302847406,26.33328621421059]]],[[[120.21926018551936,26.33349888080208],[120.21923076802496,26.333604363322383],[120.21930679975938,26.33359173494198],[120.21932915888843,26.333571295283537],[120.21926018551936,26.33349888080208]]],[[[120.21900921961677,26.3336509414373],[120.21882916915577,26.333543774883395],[120.21900921961677,26.3336509414373]]],[[[120.21925500321906,26.333474371462877],[120.21903039324664,26.333421070184723],[120.21925500321906,26.333474371462877]]],[[[120.21943648611858,26.33359350264484],[120.21931093812913,26.333386603219413],[120.21943648611858,26.33359350264484]]],[[[120.2323908010863,26.344044660418298],[120.23235317324638,26.344333537519358],[120.2323908010863,26.344044660418298]]],[[[120.23431233823626,26.343559957866592],[120.22420366574593,26.336674117931082],[120.23431233823626,26.343559957866592]]],[[[120.00337013958125,26.28043117690528],[120.00472803943477,26.280653282762575],[120.00337013958125,26.28043117690528]]],[[[120.00455386683262,26.27899531087665],[120.004743440316,26.27880629211751],[120.00455386683262,26.27899531087665]]],[[[120.00432350107263,26.27920133510304],[120.00463954297565,26.279987259673472],[120.00432350107263,26.27920133510304]]],[[[120.00472361180537,26.281418151374815],[120.00512210054605,26.281654900958518],[120.00472361180537,26.281418151374815]]],[[[120.00482253043978,26.281291663121678],[120.00499780769776,26.281355553662156],[120.00482253043978,26.281291663121678]]],[[[120.00467929765396,26.281391656039393],[120.003786346915,26.280730801486698],[120.00467929765396,26.281391656039393]]],[[[120.00364295818534,26.280898640482096],[120.00428453324562,26.281590939661044],[120.00364295818534,26.280898640482096]]],[[[120.01398697519514,26.29692970278006],[120.01368368074426,26.296564311450187],[120.01398697519514,26.29692970278006]]],[[[120.01418705083384,26.297204797036496],[120.01389068427449,26.29711144522094],[120.01418705083384,26.297204797036496]]],[[[119.95395087480553,26.194435925023715],[119.95302327378849,26.192698430001922],[119.95395087480553,26.194435925023715]]],[[[119.9861454613438,26.185387819482887],[119.98651508740805,26.185370377997728],[119.9861454613438,26.185387819482887]]],[[[119.98600976701495,26.186306102933017],[119.98613009888457,26.186421513849712],[119.98600976701495,26.186306102933017]]],[[[119.98590213035256,26.185432943926617],[119.98553267257718,26.186195052831266],[119.98590213035256,26.185432943926617]]],[[[119.96968265730756,26.142897584858645],[119.96963173353502,26.14292344915843],[119.96968265730756,26.142897584858645]]],[[[119.96987205813507,26.143315899916818],[119.9698465682025,26.14333167452912],[119.96985170923001,26.143376858945345],[119.96987205813507,26.143315899916818]]],[[[119.97051732813335,26.143282249515533],[119.97051751472998,26.143305432468168],[119.97058829586558,26.143313801749212],[119.97051732813335,26.143282249515533]]],[[[119.97041057750633,26.143341658215355],[119.97046706503316,26.143444874849557],[119.97041057750633,26.143341658215355]]],[[[119.96974149784944,26.143141317179182],[119.96968981521614,26.143121364736768],[119.96962259088635,26.143123206429973],[119.96974149784944,26.143141317179182]]],[[[119.96993763748583,26.142909091242096],[119.97025120238658,26.143201595107524],[119.96993763748583,26.142909091242096]]],[[[119.97773919981177,26.11460437196656],[119.9777909570126,26.114702722276803],[119.97773919981177,26.11460437196656]]],[[[119.9777614993371,26.114869338769775],[119.97789829353924,26.11523974600617],[119.9777614993371,26.114869338769775]]],[[[119.97957258510881,26.114191674391105],[119.97924333549022,26.114626508649255],[119.97957258510881,26.114191674391105]]],[[[119.97076627009386,26.09025740556886],[119.97073211394306,26.090325236103272],[119.97078501483863,26.090299422293384],[119.97080569313061,26.090271567661365],[119.97076627009386,26.09025740556886]]],[[[119.97054623980934,26.09030787480546],[119.97068457386649,26.09032594764026],[119.97054623980934,26.09030787480546]]],[[[119.97116450541066,26.09028463261889],[119.97098587383101,26.090657148511287],[119.97116450541066,26.09028463261889]]],[[[119.97065541094734,26.089831506551555],[119.9706483363701,26.089891649907393],[119.97065541094734,26.089831506551555]]],[[[119.96891784850816,26.084059042773248],[119.96934785606047,26.084419980396348],[119.96891784850816,26.084059042773248]]],[[[119.9682710150427,26.08451321910896],[119.9683356697694,26.084593083586796],[119.9682710150427,26.08451321910896]]],[[[119.96813980405152,26.084749691257453],[119.96798192014334,26.084708832076053],[119.96800841349189,26.084761064803285],[119.96813980405152,26.084749691257453]]],[[[119.96795818135338,26.08463903972873],[119.96810972404695,26.084559133127165],[119.96795818135338,26.08463903972873]]],[[[119.96758362627514,26.08360029263547],[119.96784181756792,26.083728491443598],[119.96758362627514,26.08360029263547]]],[[[119.96813360045643,26.083833801603255],[119.9681940332218,26.084011733918327],[119.96813360045643,26.083833801603255]]],[[[119.96688855684093,26.08566112936198],[119.967073632614,26.085777936101334],[119.96688855684093,26.08566112936198]]],[[[119.96671483552106,26.085681675603585],[119.96653071945194,26.085614831156263],[119.96671483552106,26.085681675603585]]],[[[119.96678847550902,26.085416348755427],[119.9667296359149,26.085353144657578],[119.96678847550902,26.085416348755427]]],[[[119.96681143458481,26.08560191141547],[119.9666358306366,26.08550809586593],[119.96681143458481,26.08560191141547]]],[[[119.96738293876496,26.0835021235701],[119.9678712077801,26.08475577717644],[119.96738293876496,26.0835021235701]]],[[[119.9673877505883,26.084707923589466],[119.96724571654748,26.08466565383946],[119.9673877505883,26.084707923589466]]],[[[120.48847219634106,26.387795116153768],[120.48861585623877,26.38799723691188],[120.48847219634106,26.387795116153768]]],[[[120.4082593437867,26.156136898617547],[120.41030285606816,26.154304619911766],[120.4082593437867,26.156136898617547]]],[[[120.20811755429675,26.246662347802744],[120.20813285218958,26.24683700721753],[120.20811755429675,26.246662347802744]]],[[[120.20809521585218,26.246847051862993],[120.20817468590373,26.24736612854383],[120.20809521585218,26.246847051862993]]],[[[120.06681837080967,26.23649321138815],[120.06635969521459,26.235778607200118],[120.06681837080967,26.23649321138815]]],[[[120.06693933371766,26.235765653457033],[120.06683249688585,26.235387865639026],[120.06693933371766,26.235765653457033]]],[[[120.06738124936425,26.235967020850822],[120.06718928393154,26.235680730438148],[120.06738124936425,26.235967020850822]]],[[[120.06752196929264,26.23601569965985],[120.06769125128511,26.236047347521453],[120.06752196929264,26.23601569965985]]],[[[120.06651776093967,26.235516035068933],[120.06658375317167,26.23553022893032],[120.06651817745443,26.23546325027379],[120.06650486610049,26.235493486780893],[120.06651776093967,26.235516035068933]]],[[[120.06663512176071,26.235806900961133],[120.06670736677994,26.235823036099003],[120.06671734405343,26.23580297510646],[120.06663512176071,26.235806900961133]]],[[[120.06595573304755,26.236090018063226],[120.06604916821688,26.236132222954954],[120.06595573304755,26.236090018063226]]],[[[120.06589352366345,26.23559056641671],[120.06595684946723,26.23549159791251],[120.06589352366345,26.23559056641671]]],[[[120.0678030225625,26.232364995606225],[120.06860641443741,26.232497270444743],[120.0678030225625,26.232364995606225]]],[[[120.05412008454834,26.225066961044284],[120.05323234761356,26.22388123432967],[120.05412008454834,26.225066961044284]]],[[[119.97740460828437,26.198734352143017],[119.98093560568465,26.1912442556835],[119.97180061376731,26.1931644551216],[119.97176014896488,26.205470531272205],[119.97632561121385,26.21128518587122],[119.97298811313324,26.219937343707585],[119.98862746823214,26.223800238505163],[120.00084278174491,26.236879317393118],[120.0118152978276,26.23282760503554],[120.00999849603781,26.224030486604494],[120.02089095073754,26.226405096551943],[120.01517491040632,26.218275030490894],[120.01713624728981,26.213041350373427],[120.01135881451584,26.22115296952465],[120.00569981649129,26.217378965255563],[120.00347087843637,26.22094264558151],[119.9954970058066,26.21303664103207],[119.98907632939802,26.217035927163977],[119.97811826703834,26.20965762546593],[119.97740460828437,26.198734352143017]]],[[[119.9349193578392,25.969643148530402],[119.92851550958929,25.97628648204114],[119.9304724501449,25.979676781446845],[119.94917376171482,25.981124766323333],[119.95404524600696,25.977798846147735],[119.94882187515249,25.972377864447093],[119.93946764471772,25.966097971208942],[119.9349193578392,25.969643148530402]]]]}},{"properties":{"COUNTYSN":"10008001","COUNTYNAME":"南投縣","name":"南投縣"},"type":"Feature","geometry":{"type":"Polygon","coordinates":[[[121.23767464362308,24.22019862349567],[121.24412401576042,24.223186136329158],[121.25469485690583,24.243675135927514],[121.26461380398298,24.246281038872212],[121.27980182734987,24.230227717341187],[121.29296996914871,24.229712857839267],[121.30094510466914,24.2372159328338],[121.33520307775494,24.229166674703443],[121.3426922836257,24.224079905348123],[121.34943161941818,24.20107592764084],[121.32520122146201,24.195929587082627],[121.30736306968357,24.180471035742592],[121.28634357421167,24.177512175167525],[121.28832770373232,24.15767936271857],[121.28034971457397,24.157779863820004],[121.28467955529148,24.152180042719827],[121.28134588009148,24.135633954122046],[121.29554186563398,24.132528104345344],[121.31560509823245,24.116590512112456],[121.32847873130903,24.114317272380884],[121.31892934983708,24.094907456951532],[121.32316230181189,24.084920764400874],[121.29948055622947,24.061831547468074],[121.29563468127336,24.06383695664046],[121.2833234732967,24.054457579328933],[121.2856977803956,24.039721081267306],[121.26011515655144,23.99214798431056],[121.26409786588887,23.9761720890589],[121.27350814084126,23.97524825358248],[121.27790767767428,23.965655328261647],[121.27173641303928,23.948426382161273],[121.27606274233618,23.909694814562474],[121.26113212215468,23.902659519959474],[121.26656792117024,23.898388209974264],[121.26526759493288,23.87292450513365],[121.2530896340095,23.867987663665424],[121.24888130694528,23.85213162441988],[121.23936864599578,23.84032441282146],[121.23912615588,23.82184334760739],[121.22603378158377,23.80224370303726],[121.23046588870672,23.788071786655127],[121.2046343088964,23.772348974716337],[121.20647696607234,23.762637235827018],[121.2332409507067,23.7491605269529],[121.22855747227915,23.735065184070624],[121.23945741732506,23.724115888831026],[121.24122248056415,23.70795441656169],[121.2393873763371,23.68681845443634],[121.23244904750507,23.677415488924098],[121.23561592489105,23.66170769452972],[121.22402920497156,23.63869206146083],[121.2248596500885,23.627146028240926],[121.21334941123843,23.60037708172897],[121.20600017886844,23.595761472850615],[121.19413516126853,23.600564830376054],[121.17963002100286,23.589908800675104],[121.17816822979505,23.582627763012077],[121.15332138631885,23.58668618025963],[121.15213356036158,23.57312421612534],[121.16045106336296,23.56646521554864],[121.15706905310357,23.55949980608739],[121.15178695510112,23.560462239276724],[121.14617145423458,23.554532512027404],[121.15115690733329,23.544696333705154],[121.1469217903269,23.534006409034852],[121.15097636673214,23.526559463870694],[121.14468430099632,23.525818197409862],[121.13504427893955,23.514904926688466],[121.11763892427093,23.521646493220523],[121.09738549085675,23.521685682241895],[121.08803143470551,23.514026844484953],[121.06844606359572,23.51842329997699],[121.06226995569698,23.499692759753977],[121.05408200679581,23.495655054280316],[121.05348792619182,23.487733308600717],[121.03912224606455,23.47420396008855],[121.05909390531329,23.46168593628625],[121.05174681665827,23.45083412520189],[121.01513112044917,23.43519497912711],[121.01030529877288,23.445487858253088],[121.01580284040536,23.451704796308004],[121.0081240680715,23.46236560444601],[120.98012176372953,23.469211844251447],[120.96669040138035,23.47167944784381],[120.94761026754955,23.467077700302728],[120.93733025140477,23.473106077531863],[120.93083560640962,23.4706470029771],[120.91038940720637,23.47621256263954],[120.8867455033474,23.475591879557207],[120.88045131780554,23.467599849631267],[120.86340320949787,23.47357052907018],[120.83826882813767,23.47144205019223],[120.82711628243347,23.483115112602306],[120.82029331849418,23.52144190202814],[120.80861276999188,23.53602480426703],[120.8089093939262,23.54600117710413],[120.82064007987418,23.562436785257187],[120.81983682138296,23.57757957638699],[120.82550693640064,23.586395164806973],[120.81758612386628,23.599592827853115],[120.79499655567705,23.597182182907126],[120.75343485288478,23.61485129251458],[120.73085992600784,23.61076304932888],[120.73055918435328,23.61843640522413],[120.71854133111786,23.6299293202005],[120.71307451589446,23.62789884926704],[120.71388104065153,23.62080448461279],[120.70513862066241,23.617108427984405],[120.69110427915223,23.620152519665343],[120.68354296275015,23.610676226364422],[120.66103782926913,23.61039785108432],[120.6517091237711,23.61626339869343],[120.65304076884914,23.629486733050932],[120.64651421300381,23.631126945131907],[120.633139539681,23.619596934314742],[120.6290651327702,23.63507372837586],[120.64807405697128,23.682789853865764],[120.64550181228122,23.703332038718234],[120.63898950980312,23.710655513586893],[120.63970736392392,23.729189194936776],[120.64427528361246,23.736713082095477],[120.65584806340898,23.73541093104863],[120.65578077935989,23.754730110824923],[120.64374171546287,23.78006197897473],[120.6403502196714,23.786038160718185],[120.68391440161341,23.803084695660655],[120.67897397410262,23.805925410079833],[120.67633749197928,23.81922474976333],[120.65089462531998,23.81250245674939],[120.63377147236672,23.825851062829283],[120.64003067895601,23.825132342247258],[120.63436027822287,23.831114600114685],[120.6370502203606,23.83277567700665],[120.62361946363211,23.82943392236778],[120.63363154632864,23.833973011435866],[120.62497518307545,23.83661135915077],[120.62910532080092,23.838716419704973],[120.62616758305805,23.841953200210273],[120.61554880089606,23.840367016335783],[120.62785356517641,23.857387412560136],[120.61988545996086,23.868275743965192],[120.62392377405118,23.868870616184616],[120.62735687009955,23.889663573697995],[120.63268402107566,23.88973760363924],[120.63499401910437,23.8986087475135],[120.63134093022798,23.903419685180157],[120.63409468269045,23.907715557373173],[120.62930726433027,23.910819279769125],[120.63459552255264,23.91311667764141],[120.63741813857104,23.923986434446114],[120.62775786445253,23.93136874333686],[120.63762786348748,23.935589100885284],[120.62734670485436,23.952005378113324],[120.6335246927166,23.953780855658636],[120.6268362276461,23.9564190146073],[120.6365862711905,23.952747498817182],[120.64686285160676,23.96340757198545],[120.65019494948214,23.983800678432047],[120.6365589508293,23.994943308262833],[120.6380393257197,24.007438112997562],[120.6725516909597,24.00579759850241],[120.67008284417867,24.009925968837955],[120.67877310569023,24.014213830077534],[120.70644911560105,24.005154990753184],[120.73176902637262,24.008960950555686],[120.74599138832089,23.998486416684514],[120.77064051091044,24.009086289260264],[120.77528125946648,24.018529069299536],[120.79166831821378,24.03073491791793],[120.80889251466704,24.066106508157695],[120.82933237419938,24.071430590531314],[120.83033451939592,24.102571819197596],[120.84484755133373,24.12451970676172],[120.8539251799719,24.12448793533074],[120.85865066343149,24.11620111849522],[120.87245916503673,24.116840679494793],[120.87915587810265,24.10925471902629],[120.87808672157152,24.084984730672655],[120.89137375932928,24.09780538188883],[120.8915353413831,24.115900515276817],[120.91973559492813,24.107432407767767],[120.94989435471588,24.12784991266722],[120.9751565457209,24.116826477821693],[120.98904125699676,24.118710923382565],[120.99963649638832,24.127885364245962],[121.01208996957736,24.15419484022613],[121.01939784241114,24.159591514147515],[121.02774706368524,24.160308150915697],[121.03317629642217,24.149381373154586],[121.03782007105644,24.158960607598857],[121.04736146817146,24.16083825094162],[121.05235829785184,24.155592773200958],[121.0847294771995,24.176842980433804],[121.10148042722557,24.19662536455965],[121.13608617064922,24.197065343951085],[121.1477423671845,24.21357766782253],[121.16076240916126,24.21565697796564],[121.16748669565301,24.225931395542656],[121.18130578082135,24.21263842241787],[121.19627813154288,24.223657877761582],[121.2081535130674,24.22227454242532],[121.21951975093323,24.229721189370725],[121.23767464362308,24.22019862349567]]]}},{"properties":{"COUNTYSN":"10016001","COUNTYNAME":"澎湖縣","name":"澎湖縣"},"type":"Feature","geometry":{"type":"MultiPolygon","coordinates":[[[[119.4160650757999,23.19321917707155],[119.41615675898153,23.193747200317794],[119.4160650757999,23.19321917707155]]],[[[119.42006813471875,23.203943353331663],[119.40950417546772,23.216308925201425],[119.44186096891407,23.2212960393037],[119.44795795885939,23.220111025396267],[119.44291613989436,23.202020483911333],[119.42976946320138,23.196678241641667],[119.43011439344404,23.186559361560008],[119.41849484522157,23.195396436965435],[119.42006813471875,23.203943353331663]]],[[[119.59921751853176,23.79349457121557],[119.59578283040413,23.797964361315408],[119.59921751853176,23.79349457121557]]],[[[119.59759987318273,23.795250035373805],[119.59714698318957,23.79603114294067],[119.59759987318273,23.795250035373805]]],[[[119.59871353572404,23.792988758810623],[119.59839638023959,23.793811128891306],[119.59871353572404,23.792988758810623]]],[[[119.59839698243704,23.79219033952449],[119.59810291695678,23.792965757669716],[119.59839698243704,23.79219033952449]]],[[[119.60160835155517,23.78702390509311],[119.60199793556127,23.788938750488217],[119.60160835155517,23.78702390509311]]],[[[119.59973757615327,23.783530810080315],[119.60021605780808,23.787609599740993],[119.59973757615327,23.783530810080315]]],[[[119.6033984583097,23.786404439468424],[119.6028347522938,23.78707707545811],[119.6033984583097,23.786404439468424]]],[[[119.60295000587395,23.78584862595254],[119.60236057330087,23.786711579117206],[119.60295000587395,23.78584862595254]]],[[[119.60233171200116,23.784912583324605],[119.60298078089995,23.785435410525608],[119.60233171200116,23.784912583324605]]],[[[119.60783057744258,23.781796834148263],[119.60743466772577,23.782963333480346],[119.60783057744258,23.781796834148263]]],[[[119.60535068322106,23.78298566118757],[119.60546139789025,23.78358343086829],[119.60535068322106,23.78298566118757]]],[[[119.60448056812942,23.782167528684546],[119.60448974136183,23.782758918664616],[119.60448056812942,23.782167528684546]]],[[[119.60550415091978,23.781969249863337],[119.60579073437083,23.78262672728895],[119.60550415091978,23.781969249863337]]],[[[119.6069270149687,23.781789238530163],[119.60685216660136,23.782279383698402],[119.6069270149687,23.781789238530163]]],[[[119.60629248886602,23.78032223772958],[119.6057848791596,23.78177346250098],[119.60629248886602,23.78032223772958]]],[[[119.60414288380167,23.78140360324972],[119.60480459432453,23.781924587103106],[119.60414288380167,23.78140360324972]]],[[[119.60714646547723,23.779354934662795],[119.60712593120374,23.78194647283717],[119.60714646547723,23.779354934662795]]],[[[119.60928527362316,23.77892143380122],[119.61091855606574,23.78048355728099],[119.60928527362316,23.77892143380122]]],[[[119.61099400271955,23.777763143592136],[119.61136265979516,23.779397946624677],[119.61099400271955,23.777763143592136]]],[[[119.60793790061568,23.779378764292023],[119.6079576198786,23.77992722348669],[119.60793790061568,23.779378764292023]]],[[[119.60690409042796,23.778486806342684],[119.60793382864529,23.778794125784287],[119.60690409042796,23.778486806342684]]],[[[119.6112817555867,23.77760141495128],[119.61211517930253,23.77873341669753],[119.6112817555867,23.77760141495128]]],[[[119.61249725415368,23.77661224867193],[119.61374959231127,23.778099096111795],[119.61249725415368,23.77661224867193]]],[[[119.60748532351599,23.77823621176719],[119.60762118874253,23.778680375850808],[119.60748532351599,23.77823621176719]]],[[[119.61209402347242,23.7774242367],[119.61237428824809,23.77811387496151],[119.61209402347242,23.7774242367]]],[[[119.61077937525819,23.7770664713042],[119.61054315629701,23.777600284774383],[119.61077937525819,23.7770664713042]]],[[[119.61111513856247,23.776681393178222],[119.6117496153933,23.777299189890257],[119.61111513856247,23.776681393178222]]],[[[119.61177464580926,23.77605754738749],[119.61219988253174,23.776945258566187],[119.61177464580926,23.77605754738749]]],[[[119.61169434321634,23.775565762824684],[119.6121392958393,23.776015469966662],[119.61169434321634,23.775565762824684]]],[[[119.59878087257098,23.768807651415997],[119.60689029198524,23.77432429124434],[119.59778897712349,23.757763314873703],[119.59878087257098,23.768807651415997]]],[[[119.60768870870234,23.774767962939425],[119.60720526807299,23.775045406184944],[119.60768870870234,23.774767962939425]]],[[[119.60794844516035,23.774410278794566],[119.60797516240655,23.774985798682337],[119.60794844516035,23.774410278794566]]],[[[119.58738922732823,23.767984376468057],[119.58701862672999,23.76851400953867],[119.58738922732823,23.767984376468057]]],[[[119.5848964836195,23.766229676767963],[119.58531233159611,23.76781490892684],[119.5848964836195,23.766229676767963]]],[[[119.60257441462552,23.76692048052376],[119.60290212123279,23.76748744868548],[119.60257441462552,23.76692048052376]]],[[[119.60367975460612,23.766461828106873],[119.6036294770965,23.76721823958556],[119.60367975460612,23.766461828106873]]],[[[119.60550770953463,23.765589834709452],[119.60549079955187,23.766650858771513],[119.60550770953463,23.765589834709452]]],[[[119.6074749121748,23.764671765107092],[119.60657902052328,23.765156175714107],[119.6074749121748,23.764671765107092]]],[[[119.60682536470078,23.75913474869483],[119.60640488407287,23.75946153853932],[119.60682536470078,23.75913474869483]]],[[[119.6062348264719,23.751412448070766],[119.61157003479684,23.75871507683759],[119.61227127023642,23.753053095966692],[119.62283266634208,23.74798983553131],[119.61933460403144,23.740345411425647],[119.61601870093399,23.741734736207395],[119.61569113566277,23.737611837840966],[119.61042400361734,23.741191810927774],[119.6149903166416,23.737517705147493],[119.60787977917549,23.73839200092124],[119.60158891394346,23.72587863430464],[119.59595245508928,23.739057637636137],[119.6062348264719,23.751412448070766]]],[[[119.60801885712685,23.75785676073648],[119.60749992374626,23.758398455646635],[119.60801885712685,23.75785676073648]]],[[[119.60700794904675,23.756650934485805],[119.60790570960842,23.75728383633032],[119.60700794904675,23.756650934485805]]],[[[119.59864460194066,23.753871226865233],[119.59724068052802,23.755434284664254],[119.59864460194066,23.753871226865233]]],[[[119.6091621357242,23.736702529676027],[119.6093250024763,23.73690730877443],[119.6091621357242,23.736702529676027]]],[[[119.61113379011745,23.735141049486348],[119.61145497320933,23.736376676471323],[119.61113379011745,23.735141049486348]]],[[[119.6106835222903,23.733197302783907],[119.61201010961955,23.733697229440594],[119.6106835222903,23.733197302783907]]],[[[119.61265116429146,23.732495885559977],[119.61271511903907,23.733913257378692],[119.61265116429146,23.732495885559977]]],[[[119.60992528954053,23.731110119807198],[119.60974734082603,23.73343816795627],[119.60992528954053,23.731110119807198]]],[[[119.55521722916662,23.708643480126476],[119.55616279555103,23.71723932240855],[119.5507815050264,23.719851101611006],[119.55892501398228,23.720042733040835],[119.55521722916662,23.708643480126476]]],[[[119.611424898758,23.7154599380623],[119.61105570435828,23.716371611290366],[119.611424898758,23.7154599380623]]],[[[119.61209933992946,23.715120922529948],[119.61226730239123,23.715849389772067],[119.61209933992946,23.715120922529948]]],[[[119.61252833487343,23.714119054463215],[119.61334031834687,23.715422712857084],[119.61252833487343,23.714119054463215]]],[[[119.60800637814944,23.710571514745084],[119.6091106995553,23.713178604315207],[119.60800637814944,23.710571514745084]]],[[[119.60943119931987,23.71340519260276],[119.60929539407472,23.71365870158403],[119.60943119931987,23.71340519260276]]],[[[119.60992191029325,23.71305562123424],[119.60999287488826,23.71352713484459],[119.60992191029325,23.71305562123424]]],[[[119.61018919630631,23.71254213837905],[119.6100325046386,23.713048413054096],[119.61018919630631,23.71254213837905]]],[[[119.56675731355304,23.710495825329637],[119.56610069691592,23.712391180411867],[119.56675731355304,23.710495825329637]]],[[[119.60953595387258,23.70892161784651],[119.61219999164747,23.71110689488073],[119.60953595387258,23.70892161784651]]],[[[119.60836892658196,23.710179205452388],[119.60919835203606,23.71041522403535],[119.60836892658196,23.710179205452388]]],[[[119.59355570667259,23.694924654206606],[119.59281792332757,23.69630462286751],[119.59355570667259,23.694924654206606]]],[[[119.56499979668105,23.693613780833516],[119.56382114690773,23.69539143502285],[119.56499979668105,23.693613780833516]]],[[[119.59489895167722,23.691182742275775],[119.59366948404644,23.694675903493096],[119.59489895167722,23.691182742275775]]],[[[119.67004416507173,23.692783532032553],[119.6707136945018,23.69378741640253],[119.67004416507173,23.692783532032553]]],[[[119.55965364915528,23.69338787278773],[119.55960029236604,23.69428425351084],[119.55965364915528,23.69338787278773]]],[[[119.65244273301397,23.690709906437213],[119.65033046877184,23.692583762289484],[119.65244273301397,23.690709906437213]]],[[[119.55957037643407,23.693045046327594],[119.55946136630105,23.693205716902597],[119.55957037643407,23.693045046327594]]],[[[119.55719712652488,23.690855474299344],[119.5579481045163,23.692179978406052],[119.55719712652488,23.690855474299344]]],[[[119.67077334676198,23.6907735813221],[119.6702606119504,23.691283706742603],[119.67077334676198,23.6907735813221]]],[[[119.59669231363573,23.690146105383366],[119.59502877641515,23.6910964625358],[119.59669231363573,23.690146105383366]]],[[[119.67173891014728,23.682468968946726],[119.67068072526466,23.690575335227457],[119.67173891014728,23.682468968946726]]],[[[119.5581026366234,23.68811155183546],[119.5572851726573,23.68981659164571],[119.5581026366234,23.68811155183546]]],[[[119.65167738291935,23.688458146787646],[119.65184135704521,23.689881854476205],[119.65167738291935,23.688458146787646]]],[[[119.65486231599986,23.688532767541652],[119.65460219750136,23.688816039259137],[119.65486231599986,23.688532767541652]]],[[[119.66995890316906,23.687894573324098],[119.66991081502078,23.68837785517278],[119.66995890316906,23.687894573324098]]],[[[119.65524639625808,23.6849690105279],[119.6551780230202,23.68524244198213],[119.65524639625808,23.6849690105279]]],[[[119.65444094271561,23.684913724921273],[119.65459225561887,23.68524943379953],[119.65444094271561,23.684913724921273]]],[[[119.65411118685076,23.685019083100133],[119.65418966384713,23.68530995335857],[119.65411118685076,23.685019083100133]]],[[[119.62312739686942,23.68457651735391],[119.62376940343238,23.685185687697228],[119.62312739686942,23.68457651735391]]],[[[119.65591994934718,23.68487162031925],[119.65597068560908,23.685128745603198],[119.65591994934718,23.68487162031925]]],[[[119.65517331892052,23.684691664262342],[119.65520159988453,23.684894707137673],[119.65517331892052,23.684691664262342]]],[[[119.65472391108543,23.684641645517825],[119.65491461650463,23.684853031150915],[119.65472391108543,23.684641645517825]]],[[[119.6540324267108,23.68452279617024],[119.65418486589112,23.684741116410184],[119.6540324267108,23.68452279617024]]],[[[119.654334856894,23.684406266826347],[119.65433829470133,23.684665848889],[119.654334856894,23.684406266826347]]],[[[119.66809525594762,23.682802664186113],[119.66766559965792,23.68354730687552],[119.66809525594762,23.682802664186113]]],[[[119.66801844985983,23.676037674242554],[119.66621961598182,23.68327204561082],[119.66801844985983,23.676037674242554]]],[[[119.66430056585095,23.68157399734408],[119.66384193437547,23.682397165251157],[119.66430056585095,23.68157399734408]]],[[[119.65807019513615,23.676193382107808],[119.65705945080738,23.678726033325216],[119.65807019513615,23.676193382107808]]],[[[119.66868685079544,23.673436567455482],[119.67280381545778,23.675345244724426],[119.66868685079544,23.673436567455482]]],[[[119.55630272715892,23.67343145157141],[119.55476257654965,23.676384459652635],[119.55630272715892,23.67343145157141]]],[[[119.61429753843471,23.665268367703536],[119.6161109968025,23.673599538769235],[119.61955505330197,23.67529570369367],[119.61429753843471,23.665268367703536]]],[[[119.61224355611031,23.67061357711372],[119.61205102994954,23.67114948575267],[119.61224355611031,23.67061357711372]]],[[[119.65922418739068,23.659028306557612],[119.65574992303391,23.661264745925372],[119.66428503061219,23.67031885128754],[119.66666204506532,23.667153647775645],[119.6676626202288,23.66051326403228],[119.65922418739068,23.659028306557612]]],[[[119.55441689404003,23.669091972024074],[119.55444132987843,23.669570458442017],[119.55441689404003,23.669091972024074]]],[[[119.55489167522865,23.668713285258285],[119.5548058127655,23.66912895589682],[119.55489167522865,23.668713285258285]]],[[[119.5490480186383,23.66296308176129],[119.54835043342585,23.663871213634263],[119.5490480186383,23.66296308176129]]],[[[119.54773961001663,23.65334248302214],[119.5481426187648,23.654370456776945],[119.54773961001663,23.65334248302214]]],[[[119.54903736926357,23.65384085438924],[119.54915475503174,23.654097785409284],[119.54903736926357,23.65384085438924]]],[[[119.5491911195469,23.65332335753713],[119.54881764341351,23.65359592639128],[119.5491911195469,23.65332335753713]]],[[[119.54961965324465,23.65299215422779],[119.54938935787106,23.65326386254161],[119.54961965324465,23.65299215422779]]],[[[119.63394636370415,23.642949050212863],[119.62959332847622,23.646177291684943],[119.63199952348346,23.650765467446934],[119.63682081010627,23.65074050236132],[119.63394636370415,23.642949050212863]]],[[[119.5474700922529,23.65215149698015],[119.54741932788548,23.652318727694322],[119.5474700922529,23.65215149698015]]],[[[119.54547239098956,23.649778837802856],[119.54526798396314,23.650504292587463],[119.54547239098956,23.649778837802856]]],[[[119.54439991106702,23.648490747792806],[119.544570992858,23.649797904219515],[119.54439991106702,23.648490747792806]]],[[[119.54511559557373,23.64871467652224],[119.54512694284305,23.649161609829157],[119.54511559557373,23.64871467652224]]],[[[119.58177947423643,23.64836851377479],[119.58152321497708,23.648990387752573],[119.58177947423643,23.64836851377479]]],[[[119.58792021469577,23.639504891993372],[119.58728323158469,23.640660980511168],[119.58792021469577,23.639504891993372]]],[[[119.60498276295667,23.638808233206063],[119.60519481084025,23.638963021802642],[119.60498276295667,23.638808233206063]]],[[[119.60832924588733,23.637304505795846],[119.60807487702229,23.637617023247845],[119.60832924588733,23.637304505795846]]],[[[119.61743990940167,23.630041940113117],[119.61740300565295,23.630441647161245],[119.61743990940167,23.630041940113117]]],[[[119.56987512792205,23.616547534938416],[119.56514502864981,23.619163205156198],[119.56872064414573,23.622607547115987],[119.56987512792205,23.616547534938416]]],[[[119.5986425734654,23.607720576642997],[119.59869891152522,23.608124442986153],[119.5986425734654,23.607720576642997]]],[[[119.61394876700066,23.60689569260048],[119.61461948095021,23.6075815611613],[119.61394876700066,23.60689569260048]]],[[[119.50844550217951,23.27272511892277],[119.50779985142059,23.273099444937145],[119.50844550217951,23.27272511892277]]],[[[119.50907287454731,23.25565093706131],[119.51854831624375,23.265272702855526],[119.5201826158601,23.26084043729875],[119.51629393344538,23.254749444422735],[119.50907287454731,23.25565093706131]]],[[[119.66541259056373,23.25860948439445],[119.67719003424268,23.264389928055195],[119.68008169146819,23.260206088614552],[119.67648374688375,23.254467241070856],[119.67108358522317,23.243914735061352],[119.66456558724242,23.250538387708264],[119.66541259056373,23.25860948439445]]],[[[119.65996929050412,23.25994866055837],[119.65772157985579,23.26333516800234],[119.66163410168282,23.26392176370707],[119.65996929050412,23.25994866055837]]],[[[119.50258626781509,23.257718953351958],[119.50186497491008,23.258737123641815],[119.50258626781509,23.257718953351958]]],[[[119.61830446346521,23.255014402354195],[119.6178821018002,23.255275777787784],[119.61830446346521,23.255014402354195]]],[[[119.61007536234963,23.247253480208183],[119.60867493997544,23.251360888920203],[119.61345355630708,23.253657403587294],[119.62079433878027,23.25010087086653],[119.6214567351717,23.244601281080776],[119.61007536234963,23.247253480208183]]],[[[119.51871888643164,23.252316522249636],[119.51870008168466,23.25375008168982],[119.51871888643164,23.252316522249636]]],[[[119.55118221770596,23.243816182511484],[119.55120614875551,23.24418180728919],[119.55118221770596,23.243816182511484]]],[[[119.55021083213985,23.24228461266891],[119.5502218045275,23.243140152320056],[119.55021083213985,23.24228461266891]]],[[[119.55068077369057,23.241867493932535],[119.55116118117193,23.242222488422136],[119.55068077369057,23.241867493932535]]],[[[119.52002110518815,23.233706076824717],[119.52009577518908,23.234974432550743],[119.52002110518815,23.233706076824717]]],[[[119.49235180256075,23.381389621801752],[119.49595150985326,23.38767126330911],[119.48942102170439,23.394693759948158],[119.49340888229334,23.397369036070383],[119.50137362033325,23.389114213442948],[119.50606436809382,23.394342547796356],[119.50875492701134,23.378102227343703],[119.51340293887759,23.376896846178266],[119.50956162382747,23.37046244303025],[119.5165949549851,23.373515666361996],[119.5162988483326,23.36786169478886],[119.50708067562488,23.363542542259562],[119.51352711631704,23.352913113403652],[119.49070920450595,23.353038808765472],[119.48626367652788,23.356052435342846],[119.4945996990571,23.3654596677627],[119.49235180256075,23.381389621801752]]],[[[119.31515747662527,23.400415917448868],[119.31908565904851,23.411635361615883],[119.32713297056429,23.40699372459222],[119.33068812955949,23.40487772247965],[119.32720730963008,23.400351891830034],[119.31515747662527,23.400415917448868]]],[[[119.5137007387481,23.39538927430179],[119.51302233647648,23.3959919966071],[119.5137007387481,23.39538927430179]]],[[[119.51431336093982,23.38067962585636],[119.51278133200586,23.38461057397667],[119.51431336093982,23.38067962585636]]],[[[119.52896096414055,23.3762153344405],[119.52811547334879,23.378978180181928],[119.52896096414055,23.3762153344405]]],[[[119.48746348576539,23.378067965892633],[119.48813779547432,23.37856251007925],[119.48746348576539,23.378067965892633]]],[[[119.52357429905527,23.36598331617226],[119.5270782973527,23.372403172289815],[119.53664284693446,23.37579020838043],[119.54347865817763,23.366076053382226],[119.5322290783317,23.366869679082814],[119.5242276953756,23.3572425115769],[119.51853592665968,23.364167260287783],[119.52357429905527,23.36598331617226]]],[[[119.52692434707983,23.373324742043906],[119.52375690969556,23.374980980853323],[119.52692434707983,23.373324742043906]]],[[[119.53142788018278,23.37399696385407],[119.53143977286037,23.37439198178102],[119.53142788018278,23.37399696385407]]],[[[119.55202591379673,23.365665609237332],[119.55296340183332,23.366859413207433],[119.55202591379673,23.365665609237332]]],[[[119.55308369741091,23.363502152676368],[119.55260366805187,23.36524593989683],[119.55308369741091,23.363502152676368]]],[[[119.53765193379273,23.359959552226638],[119.53764145080505,23.3626933608851],[119.53765193379273,23.359959552226638]]],[[[119.4811744736785,23.356044786957224],[119.47912719911838,23.359117785975833],[119.4811744736785,23.356044786957224]]],[[[119.51775617384072,23.356325782363733],[119.51775010924267,23.35665313422236],[119.51775617384072,23.356325782363733]]],[[[119.46068663123394,23.353879452457203],[119.46182908083368,23.356157425498903],[119.46068663123394,23.353879452457203]]],[[[119.52752432258137,23.355195195540226],[119.52724940825473,23.355541609967112],[119.52752432258137,23.355195195540226]]],[[[119.46350113113989,23.35446817186277],[119.46358667596337,23.35539348839229],[119.46350113113989,23.35446817186277]]],[[[119.46771271948145,23.350810020590377],[119.46847555009055,23.353083174685878],[119.46771271948145,23.350810020590377]]],[[[119.51969557243407,23.35162546069125],[119.51988251510002,23.351992806944164],[119.51969557243407,23.35162546069125]]],[[[119.5197711771052,23.351295621843587],[119.51984809936623,23.351552715375675],[119.5197711771052,23.351295621843587]]],[[[119.53877477622466,23.349165373734426],[119.53883398138755,23.350298407653458],[119.53877477622466,23.349165373734426]]],[[[119.46489984517211,23.346943263331042],[119.4658104373295,23.34896543383785],[119.46489984517211,23.346943263331042]]],[[[119.32109092916907,23.323346160822137],[119.31960817886993,23.32655753990068],[119.32109092916907,23.323346160822137]]],[[[119.32281896403887,23.324096165656197],[119.32280489641585,23.32459736261629],[119.32281896403887,23.324096165656197]]],[[[119.3244747787332,23.323618446652308],[119.32373643580257,23.32453889460436],[119.3244747787332,23.323618446652308]]],[[[119.33687546547934,23.31711373734674],[119.33511414107772,23.3216945828502],[119.33687546547934,23.31711373734674]]],[[[119.34218627800531,23.307166255319228],[119.34187785149005,23.308715219722806],[119.34218627800531,23.307166255319228]]],[[[119.50094109360498,23.2905726675279],[119.50070457045521,23.29125076288369],[119.50094109360498,23.2905726675279]]],[[[119.50114388213504,23.288912788520243],[119.50211578301945,23.2905281781029],[119.50114388213504,23.288912788520243]]],[[[119.50033413385636,23.286630930406012],[119.50042808313688,23.287003109614336],[119.50033413385636,23.286630930406012]]],[[[119.50121456044968,23.276374625465746],[119.50177705251453,23.2767361771502],[119.50121456044968,23.276374625465746]]],[[[119.5015549348631,23.275463786230418],[119.50399293592025,23.276175639874687],[119.5015549348631,23.275463786230418]]],[[[119.51119111965568,23.266343072072743],[119.50465326296658,23.268516104714475],[119.50273486265596,23.272716990415454],[119.50594752057009,23.272595484630315],[119.50983846509733,23.273226071609674],[119.51119111965568,23.266343072072743]]],[[[119.6968564722772,23.554030811469726],[119.69632966835371,23.555274841095866],[119.6968564722772,23.554030811469726]]],[[[119.65949878320231,23.542928555949167],[119.6608810072073,23.54476689944457],[119.65949878320231,23.542928555949167]]],[[[119.65949971929233,23.541526698627084],[119.65965050117394,23.542544150159003],[119.65949971929233,23.541526698627084]]],[[[119.66101689651197,23.539472675299937],[119.66012827544208,23.540149260442497],[119.66101689651197,23.539472675299937]]],[[[119.72692445169116,23.534980432252244],[119.72516431274452,23.53660730145208],[119.72692445169116,23.534980432252244]]],[[[119.60477233864844,23.596513755266592],[119.60498994274111,23.595957126944295],[119.60477233864844,23.596513755266592]]],[[[119.68493574031159,23.624759326518035],[119.6854405894766,23.627842734479163],[119.68493574031159,23.624759326518035]]],[[[119.69976051542685,23.617030182400025],[119.69984391368067,23.62028936962251],[119.69976051542685,23.617030182400025]]],[[[119.69532646903673,23.61891908894895],[119.69636364509051,23.620243262017805],[119.69532646903673,23.61891908894895]]],[[[119.69817507427862,23.617935853804955],[119.69788639385465,23.619309717889184],[119.69817507427862,23.617935853804955]]],[[[119.70212127639681,23.616586972717315],[119.70243184825162,23.617612647018923],[119.70212127639681,23.616586972717315]]],[[[119.69952604535447,23.615615894441994],[119.69789598473473,23.616503829681957],[119.69952604535447,23.615615894441994]]],[[[119.70102580263607,23.61589001633379],[119.70118088117849,23.616297890192687],[119.70102580263607,23.61589001633379]]],[[[119.70004204214237,23.615007448072046],[119.70064779543888,23.61569093933515],[119.70004204214237,23.615007448072046]]],[[[119.67637080799054,23.60260137287562],[119.67419157281313,23.604648153100424],[119.67637080799054,23.60260137287562]]],[[[119.6748656432504,23.602439531573634],[119.67392102446563,23.602917940943094],[119.6748656432504,23.602439531573634]]],[[[119.67521399716321,23.598407164510814],[119.67603638367345,23.599863975946697],[119.67521399716321,23.598407164510814]]],[[[119.67854557379134,23.59821764337673],[119.67879935023599,23.598546106715403],[119.67854557379134,23.59821764337673]]],[[[119.69374250416152,23.56390042152019],[119.69317166348829,23.564792377211567],[119.69374250416152,23.56390042152019]]],[[[119.68906009375095,23.56220505509927],[119.68973530178141,23.562965048879835],[119.68906009375095,23.56220505509927]]],[[[119.72470909370449,23.55717931492581],[119.72288528364713,23.558190429970992],[119.72470909370449,23.55717931492581]]],[[[119.69594729373577,23.556949270635],[119.69457483151974,23.557418902277483],[119.69594729373577,23.556949270635]]],[[[119.52618915509113,23.65463989278224],[119.5249833034751,23.657379758218916],[119.52618915509113,23.65463989278224]]],[[[119.53870163887608,23.643213703003152],[119.53790635903006,23.643776419550008],[119.53870163887608,23.643213703003152]]],[[[119.53880474283538,23.641520238885263],[119.5384735497168,23.64237020267282],[119.53880474283538,23.641520238885263]]],[[[119.53894811842773,23.640436752915026],[119.53905180103163,23.64099850122303],[119.53894811842773,23.640436752915026]]],[[[119.55142010307118,23.594201820349582],[119.55148983535946,23.59473659865147],[119.55142010307118,23.594201820349582]]],[[[119.54021461327211,23.580200781233334],[119.5403512130146,23.58051409099973],[119.54021461327211,23.580200781233334]]],[[[119.58814224844907,23.594758441674532],[119.58867028325,23.596124375787635],[119.58814224844907,23.594758441674532]]],[[[119.5417878141088,23.5527883123888],[119.54125716507288,23.55478057924514],[119.5417878141088,23.5527883123888]]],[[[119.54136179713555,23.554107507987084],[119.54137150657385,23.554236146050243],[119.54136179713555,23.554107507987084]]],[[[119.53255018918301,23.538718934291747],[119.53104768314142,23.54164088143738],[119.53255018918301,23.538718934291747]]],[[[119.52872453778774,23.540803173978407],[119.52845180527937,23.541230753033172],[119.52872453778774,23.540803173978407]]],[[[119.5295003710475,23.54102054337776],[119.5294436033349,23.541341291671614],[119.5295003710475,23.54102054337776]]],[[[119.52426089144578,23.539989929578276],[119.52561897658497,23.54016377821868],[119.52426089144578,23.539989929578276]]],[[[119.5192048598567,23.508743728596976],[119.5143349808563,23.50962108330291],[119.51798199778385,23.51340547482124],[119.52178736320465,23.514342462995554],[119.5192048598567,23.508743728596976]]],[[[119.51170019758015,23.483003110476456],[119.50983939229648,23.491172399343625],[119.51534988086092,23.486320494985183],[119.52621116044232,23.493073658803596],[119.53741286048381,23.498097746903948],[119.54383483256176,23.494295206422656],[119.51170019758015,23.483003110476456]]],[[[119.58096029613954,23.661552068087516],[119.57101131699025,23.662233775495075],[119.56324237361817,23.651401107739566],[119.55459043683398,23.657494980059862],[119.5421647406317,23.64311485043154],[119.53928014091076,23.632672523162547],[119.51804711641675,23.629027636242174],[119.523126363479,23.601777963824723],[119.5196231838449,23.594534226045468],[119.51224022967362,23.59219409044779],[119.51630907403795,23.58541694071585],[119.51180770996898,23.580716333051],[119.51619596598076,23.56481358384165],[119.49616230815566,23.568158748416167],[119.4897066515305,23.56269372080604],[119.46720352120664,23.561277859347566],[119.4812909873887,23.57543395195285],[119.49182225211051,23.56983931550771],[119.50335410773144,23.57915130149758],[119.50211841295864,23.59045633155307],[119.48951359903072,23.594294475776167],[119.49408704244593,23.596079431062922],[119.4938001119341,23.60208746279732],[119.49836149626996,23.595701359376463],[119.50446802672488,23.59743982549606],[119.50262725310574,23.605679115970197],[119.50893674119384,23.61268272787214],[119.49928170471836,23.62012648220801],[119.51202123564174,23.64836075045572],[119.51968232090398,23.648198796383877],[119.51420031394167,23.655532228329864],[119.52416099845321,23.655757279860858],[119.51947177235527,23.64758406963602],[119.52162341089196,23.642677088777116],[119.53832116130144,23.63957381440924],[119.55415130881691,23.657571136078765],[119.55081455246976,23.662706835081387],[119.5551771940932,23.668567788377185],[119.5702192732888,23.67027769257606],[119.5681981727861,23.67250488846273],[119.5821594980181,23.67751918882799],[119.59086718881993,23.67177518114441],[119.59987125400356,23.673763084554235],[119.60546998248546,23.66826293811002],[119.60122865215821,23.66544540186868],[119.6098029612125,23.663592237673967],[119.60636386792659,23.659504492494552],[119.61357119502313,23.65291478421424],[119.61097463394658,23.647629845807753],[119.60048039957742,23.64818600658536],[119.60233578126473,23.641783309650354],[119.59730813716624,23.63958610620134],[119.6024908489198,23.63365604944121],[119.61032185797413,23.635697738902923],[119.6023326146198,23.62853008751145],[119.60602353723084,23.620843188059688],[119.61347560671639,23.62008361187509],[119.60987980549994,23.61057449018579],[119.61277402475262,23.601830595971112],[119.61674965705141,23.604899386178506],[119.6160810434586,23.599994786681467],[119.62038553480748,23.60127923129262],[119.61980381344073,23.60631331942637],[119.62516617516303,23.608945609847765],[119.63084877192458,23.60729781403972],[119.62507094153177,23.60046042328932],[119.62787337093619,23.595693697642695],[119.62415834691,23.579486179383778],[119.6294809917673,23.57940656096896],[119.63734559082282,23.59898672138473],[119.6413694554559,23.596491216473545],[119.63959299111919,23.587408274486602],[119.6436446329489,23.587711819676624],[119.65103980092049,23.60986644687888],[119.65726607351637,23.606230348405184],[119.6552992736407,23.598563775169442],[119.66566696099902,23.595526697327692],[119.65912718904545,23.59365601757138],[119.66459727589148,23.590470397945484],[119.67211327945571,23.601141983327867],[119.68263862982376,23.583938181401408],[119.68311164573095,23.5656603617021],[119.69237180082308,23.563834413601647],[119.69589677129656,23.553746280987184],[119.67776270962584,23.551407051419325],[119.67097271919228,23.56222779482953],[119.64529843310409,23.560189386201493],[119.6350088525133,23.54676137461919],[119.62402673090197,23.54473370951518],[119.62150544393754,23.538129930061125],[119.61424543384031,23.53803613650418],[119.60545230766581,23.528864703496417],[119.60642709228452,23.52217804668009],[119.61175936197407,23.521973495728737],[119.60549563396332,23.51642120681877],[119.60739906529199,23.508002595043433],[119.59176378616174,23.512878950423975],[119.5719608831456,23.508529805476748],[119.57250258046744,23.522114130574117],[119.5645104342658,23.526298463604345],[119.55689248430069,23.523559204482474],[119.54827429511711,23.534074443631685],[119.54945894705436,23.539002603219046],[119.5412073343064,23.53887272044504],[119.54220180814957,23.548014578233293],[119.5452968750379,23.54649839379266],[119.5488243611395,23.553935389061945],[119.54972336764415,23.54063829193039],[119.55690893364094,23.53757325361873],[119.55499194878026,23.528933828131418],[119.56110229706887,23.526774296209496],[119.56549806658036,23.534733014079023],[119.57186620414217,23.53199169384827],[119.57436431198508,23.519691576613265],[119.58271380037225,23.53271139080059],[119.59611323883878,23.526739683624488],[119.5999550454273,23.532174580386005],[119.59564898497291,23.53255020119874],[119.59501363157082,23.53805174881055],[119.60308453684281,23.540296799840355],[119.60007863532674,23.54535918558618],[119.6040980090307,23.548367581674412],[119.59439447916587,23.548450395913594],[119.59195316542039,23.553464630173114],[119.59106782417717,23.549753141537572],[119.5875068472459,23.552104580301787],[119.57323638981475,23.545324542936235],[119.56903307718538,23.551297710311584],[119.56458651412697,23.547872329787793],[119.56188207303587,23.556953988953587],[119.57134972022804,23.552944680042568],[119.57568774809222,23.554894574077807],[119.57274761314454,23.55933809693461],[119.57743348544072,23.558682257288552],[119.5723277163902,23.56316380659097],[119.57978205375335,23.563401919181207],[119.57438606446019,23.56808608336645],[119.56820896485802,23.56208898661878],[119.55570266999091,23.5633239304635],[119.56741931941666,23.574976349813166],[119.56166508063885,23.585073476419918],[119.57468270162121,23.584966107603446],[119.58336245517948,23.594268200675632],[119.58557083291122,23.5808254168264],[119.58177816317558,23.580039559590325],[119.5888281274357,23.580818102573286],[119.58696623682762,23.57122702772494],[119.59411949187029,23.574836170902646],[119.59726445039935,23.569025104666785],[119.60212063092963,23.577081431119304],[119.59747475057127,23.576981732503015],[119.59839296563041,23.58280587776975],[119.60726077613762,23.586012575475603],[119.6073903640698,23.596899774073353],[119.60304794192788,23.600992658122955],[119.60578747884833,23.60559776653384],[119.6125527966217,23.605411879392893],[119.59729442852547,23.61593953100528],[119.60552078759565,23.62015752282779],[119.6045094530876,23.625021832587265],[119.59999698839016,23.6203704998583],[119.59540546061558,23.624724926262463],[119.58849196699536,23.62266166789356],[119.59576878390507,23.63549596483261],[119.57940947498989,23.65635409756028],[119.58096029613954,23.661552068087516]]]]}},{"properties":{"COUNTYSN":"10005001","COUNTYNAME":"苗栗縣","name":"苗栗縣"},"type":"Feature","geometry":{"type":"MultiPolygon","coordinates":[[[[120.6630535565653,24.4813427025911],[120.66313003661058,24.480904402460993],[120.6630535565653,24.4813427025911]]],[[[120.66211916770776,24.480606222736387],[120.66167876834247,24.47906111382443],[120.66211916770776,24.480606222736387]]],[[[121.20327673096067,24.512500477758763],[121.21671309256396,24.515086628951916],[121.22360745443478,24.506383782874188],[121.2186474024603,24.498296478231882],[121.23454797564494,24.48790243324985],[121.24440982715645,24.469945585137538],[121.25800459792782,24.46336322861622],[121.26262238746385,24.455269697403477],[121.25946177429763,24.42912124106754],[121.24328477535823,24.42025396945311],[121.24285658512976,24.405836642428806],[121.23404347078717,24.39737651101874],[121.23150719832023,24.384032568204034],[121.2153985004596,24.379482875993215],[121.20975060110138,24.39612794143591],[121.19662909545153,24.39662850856685],[121.18959467582197,24.381538030525437],[121.17295733495148,24.373341448377367],[121.16797586234145,24.360976870470502],[121.14061650953296,24.35959927173276],[121.12398296751529,24.340776440553665],[121.12141510541203,24.33076517049706],[121.10812715080762,24.33088384894978],[121.0916767847762,24.318577259859694],[121.08634923390318,24.31754877061917],[121.08119741174166,24.324059909349316],[121.07286579104276,24.32283842453333],[121.06995010825156,24.31569335889397],[121.05519383699907,24.310397517563658],[121.04882789258166,24.295971008248312],[121.03385121912656,24.297871383217075],[121.0178139335569,24.31144759748371],[121.00359776503879,24.332482683639135],[120.9917089694554,24.329581873657247],[120.98193794206122,24.33586561751296],[120.9664432399563,24.33341833136354],[120.93566937080828,24.342855550386474],[120.91634962758512,24.334728506410812],[120.92242968845605,24.304067804804443],[120.91183956024862,24.29401868445068],[120.87555606480345,24.294933773996686],[120.84707032845112,24.288599820978405],[120.83319313049991,24.29065957510823],[120.8063800694261,24.315722257224976],[120.76285443237677,24.326071927784575],[120.73052827025802,24.351709179928406],[120.70727632285548,24.35781061078993],[120.70720530200563,24.360300403595282],[120.70743995969808,24.36166441804999],[120.69311229192132,24.36690439999363],[120.66371577103995,24.402220080523744],[120.64602049586964,24.41221095145213],[120.63960274215013,24.427793802454246],[120.62117546748395,24.44094524622248],[120.62785810116813,24.445908774668187],[120.62635480456974,24.442209402840277],[120.62956640249094,24.442553241695787],[120.63109729874725,24.448048583981492],[120.63399673013818,24.445023011062073],[120.6314358898679,24.448518778121617],[120.65125977821099,24.460580642405702],[120.64778682157714,24.46274708818731],[120.65318430397853,24.462495454248387],[120.6490753915355,24.46506605628149],[120.66750868226488,24.483829779782045],[120.6686693940962,24.48810505023812],[120.66507887966588,24.48732517876944],[120.67044445662358,24.49831359771758],[120.67722194586106,24.4966103190094],[120.6694002446366,24.4990496884827],[120.68995229752377,24.531050763881773],[120.72326960092451,24.605660865165824],[120.73706738409132,24.611929372293286],[120.74546896332191,24.6076274846727],[120.75913726437739,24.61348720755648],[120.75845862306662,24.622417128933005],[120.75101499947702,24.61890962572958],[120.77099686912484,24.649255377483087],[120.76885893393617,24.651974356444192],[120.77263863971524,24.650182595222564],[120.76846817663625,24.654669298217637],[120.7753555826334,24.65455727580899],[120.7831549095709,24.662082667060446],[120.82872345360992,24.6695583660581],[120.83374504343303,24.68048010961657],[120.85811119184245,24.698969385620615],[120.85469833368363,24.70187125743589],[120.85980032667003,24.700304741755765],[120.86592073775557,24.724531584094485],[120.87851501801168,24.735212255795066],[120.89104692915974,24.73177327729094],[120.90769659385806,24.741104987968193],[120.91626376746048,24.721508328895677],[120.91376230832081,24.717281211021756],[120.9302806095546,24.716621916025087],[120.94217903734625,24.707318057722432],[120.94985349889869,24.711144631056342],[120.95326440244557,24.70403064742936],[120.9632374464296,24.71141035859353],[120.97514290026585,24.710900413830984],[120.97399628333568,24.696932704757423],[120.96444183866328,24.683576664934222],[120.97544829060689,24.684610557628826],[120.97700660644817,24.673631702878474],[120.98670448448901,24.6638185334717],[120.9906433208854,24.66478282505468],[120.997233149419,24.654593826449155],[121.01028422687536,24.65621032314844],[121.0081927806907,24.644386256646207],[121.02541630185019,24.64119051510629],[121.02612888939755,24.63568012305716],[121.04342743792193,24.62710525656155],[121.05159394534361,24.61513674061763],[121.06236255330278,24.621816622547975],[121.07495459899775,24.612212677274478],[121.08308550458737,24.589983377785906],[121.07529304363203,24.580906311881538],[121.07056809472519,24.563358126798253],[121.06271599773694,24.557458660738163],[121.0565754191504,24.559312116956303],[121.0805186759485,24.540895396796635],[121.0782372591446,24.52877948321568],[121.06699504582821,24.522814591624545],[121.0718607270003,24.498365763700985],[121.08519291879138,24.501304534641765],[121.09823651699308,24.49645914713164],[121.12325836474336,24.510266447692022],[121.13685212905243,24.5066589076259],[121.14502260134333,24.511922085582377],[121.15063733978208,24.506056551742063],[121.16916304794042,24.50259232943076],[121.17969739703945,24.508015640606992],[121.19550351022546,24.50709310338867],[121.20327673096067,24.512500477758763]]]]}},{"properties":{"COUNTYSN":"10020001","COUNTYNAME":"嘉義市","name":"嘉義市"},"type":"Feature","geometry":{"type":"Polygon","coordinates":[[[120.42862377845057,23.50917284730983],[120.43346025529463,23.50923105913637],[120.43352409236186,23.517094136441678],[120.44062764222704,23.511839666634565],[120.44050054043632,23.518194083955528],[120.44678767038137,23.518333936957458],[120.45710194580315,23.515487647188465],[120.46443843362734,23.499060145029112],[120.47355862312459,23.506861789008227],[120.48316606308609,23.505367874038154],[120.48440744605522,23.495054908295874],[120.50121605779381,23.489939610502688],[120.50178793609396,23.480929229933906],[120.50927315127988,23.474742327654077],[120.49860967359518,23.458447597314862],[120.49001856021435,23.452116732929035],[120.47785946633961,23.46152195150718],[120.4686881720279,23.461599261462542],[120.45255261575224,23.444568973342477],[120.43969330927787,23.439563504368927],[120.43018339989707,23.452231826694483],[120.43012270313083,23.45254765188616],[120.42930183817928,23.461035199787425],[120.39414145043601,23.46252766245565],[120.39910856976108,23.478702117226852],[120.39365663894326,23.482600093537435],[120.39470769206534,23.49065914924756],[120.38976057914034,23.49134409187019],[120.38944255251171,23.498731863276497],[120.40037401986999,23.498797037220957],[120.4088169658836,23.506570493661165],[120.41114421951667,23.498763655716203],[120.42862377845057,23.50917284730983]]]}},{"properties":{"COUNTYSN":"10004001","COUNTYNAME":"新竹縣","name":"新竹縣"},"type":"Feature","geometry":{"type":"Polygon","coordinates":[[[120.94913486248821,24.881660170378517],[120.98143039090763,24.939624641573964],[120.99206212755277,24.935004451793215],[121.0071024641934,24.946229219525073],[121.0193324296938,24.940411175807256],[121.03802924971664,24.94637145559321],[121.04627272928238,24.943536547447362],[121.0583551258982,24.936684450278168],[121.05794356321077,24.905454572772083],[121.09117622870869,24.893387086009163],[121.1090627501467,24.89774308252745],[121.10778227432645,24.886056073731396],[121.11632596541243,24.881684473933785],[121.13559156999206,24.877993948041095],[121.13904949851643,24.882430465354382],[121.15571048441232,24.880653611368874],[121.16138904673781,24.859493052375743],[121.14996471226108,24.844325288907733],[121.17620056817577,24.83209860852994],[121.17367503419493,24.827668269181494],[121.19881104013386,24.81494454169994],[121.20330013598061,24.817313021020258],[121.2046910162727,24.80724633338456],[121.21956313068324,24.81180969270632],[121.22163199864558,24.799342289210497],[121.24348736492273,24.80866204578784],[121.24775469744245,24.796680704794476],[121.26049090573802,24.792932210867054],[121.26001585706226,24.78195641539203],[121.3010276271489,24.763329976589954],[121.30762781386926,24.75517278121251],[121.29810834660948,24.733570384326814],[121.30760953207977,24.71996065215399],[121.29963337101631,24.695339069282916],[121.32392546465238,24.69504002766734],[121.33872787310301,24.679594480615737],[121.33920308212417,24.666521414258472],[121.35350923245709,24.66772111736034],[121.35241301221527,24.64354906910896],[121.35785574490433,24.633695485457974],[121.36641088584655,24.631688849038778],[121.35880905040844,24.617082827811693],[121.36335924892019,24.60307548350272],[121.38716108317627,24.586557598397846],[121.40302476368747,24.59172537713487],[121.41232951565638,24.573439952765096],[121.39473511011538,24.555836120968166],[121.39952814734998,24.526448131933627],[121.39055154043933,24.52293216863451],[121.38347715121596,24.51012198744986],[121.37341744273736,24.509932765022324],[121.3712413360154,24.49830823627355],[121.3575609948896,24.486429163185186],[121.34272419166541,24.482111075996585],[121.31315538930937,24.43777914295484],[121.29036912563032,24.431316268301128],[121.25917201505092,24.429388192703286],[121.26260369556489,24.455323912752437],[121.25800459792782,24.46336322861622],[121.24440982715645,24.469945585137538],[121.23454797564494,24.48790243324985],[121.2186474024603,24.498296478231882],[121.22360745443478,24.506383782874188],[121.21605532764411,24.515464529607232],[121.16926604776434,24.50259672846943],[121.15063733978208,24.506056551742063],[121.14502260134333,24.511922085582377],[121.13685212905243,24.5066589076259],[121.11678963923949,24.50836888211156],[121.09823651699308,24.49645914713164],[121.08519291879138,24.501304534641765],[121.0718607270003,24.498365763700985],[121.06699504582821,24.522814591624545],[121.0782372591446,24.52877948321568],[121.0805186759485,24.540895396796635],[121.0565754191504,24.559312116956303],[121.06271599773694,24.557458660738163],[121.07056809472519,24.563358126798253],[121.07529304363203,24.580906311881538],[121.08308550458737,24.589983377785906],[121.07518019762306,24.611867193329225],[121.06236255330278,24.621816622547975],[121.05159394534361,24.61513674061763],[121.04342743792193,24.62710525656155],[121.02612888939755,24.63568012305716],[121.02541630185019,24.64119051510629],[121.0081927806907,24.644386256646207],[121.01028422687536,24.65621032314844],[120.997233149419,24.654593826449155],[120.9906433208854,24.66478282505468],[120.98670448448901,24.6638185334717],[120.97700660644817,24.673631702878474],[120.97544829060689,24.684610557628826],[120.96444183866328,24.683576664934222],[120.97399628333568,24.696932704757423],[120.97381201906953,24.711873069305906],[120.9632374464296,24.71141035859353],[120.95326440244557,24.70403064742936],[120.94985349889869,24.711144631056342],[120.94217903734625,24.707318057722432],[120.93546081897493,24.71251611055893],[120.94416100341994,24.74428137740302],[120.95767236219356,24.7454190649122],[120.96982124948117,24.765152318827187],[120.97949742792044,24.763307836986723],[120.98835386703153,24.76806468223658],[120.98322056255121,24.77320819284982],[120.98581749130342,24.776932943833557],[120.99307248432557,24.78058546299651],[121.00977759401867,24.773742145438597],[121.02062216982951,24.756606902274566],[121.03355249036268,24.763760057915505],[121.02063364212843,24.793985519730352],[121.02061349428124,24.79880229590874],[121.02571371626333,24.799099451097156],[121.00820110926286,24.81627169514353],[120.98301576022268,24.83096251272202],[120.95530110388971,24.834342162161477],[120.93364814494589,24.852763991399165],[120.93359173601058,24.861840197693198],[120.94913486248821,24.881660170378517]]]}},{"properties":{"COUNTYSN":"10001001","COUNTYNAME":"新北市","name":"新北市"},"type":"Feature","geometry":{"type":"MultiPolygon","coordinates":[[[[121.53890224933585,25.301128098451287],[121.53889578738959,25.300966200152004],[121.53890224933585,25.301128098451287]]],[[[121.53747551797932,25.300765062791466],[121.53752372883449,25.300621246351433],[121.53747551797932,25.300765062791466]]],[[[121.5384201635095,25.300617976245217],[121.5385493066824,25.300583551283857],[121.5384201635095,25.300617976245217]]],[[[121.53785037428365,25.300416334930894],[121.53778653042227,25.300272927031262],[121.53785037428365,25.300416334930894]]],[[[121.53642072511028,25.300170046569708],[121.53615660413546,25.299802818686718],[121.53642072511028,25.300170046569708]]],[[[121.53882451529134,25.299983310289974],[121.53891884993264,25.299943911499486],[121.53883089859359,25.299483473942267],[121.53858215981398,25.299578090703072],[121.53882451529134,25.299983310289974]]],[[[121.53998938492246,25.298537054359347],[121.54018779506649,25.298268672671004],[121.53998938492246,25.298537054359347]]],[[[121.51128792872161,25.29150663307782],[121.51130309272183,25.291325636368782],[121.51128792872161,25.29150663307782]]],[[[121.51038693090288,25.291200939322714],[121.5104448244512,25.291082519979646],[121.51038693090288,25.291200939322714]]],[[[121.51225758586003,25.291097948010968],[121.51229412555976,25.290950649968178],[121.51225758586003,25.291097948010968]]],[[[121.50964599215452,25.29105149998315],[121.50959775705695,25.290940687879324],[121.50964599215452,25.29105149998315]]],[[[121.50885447450031,25.29089741053137],[121.50867059965725,25.2907171004803],[121.50885447450031,25.29089741053137]]],[[[121.50879581074608,25.290195538852156],[121.50882457184404,25.290091701185066],[121.50879581074608,25.290195538852156]]],[[[121.70206869384431,25.217128691555217],[121.70204215110128,25.21704581708926],[121.70206869384431,25.217128691555217]]],[[[121.7035841843411,25.216990729270297],[121.70287947853868,25.216139918404597],[121.7035841843411,25.216990729270297]]],[[[121.70209632864572,25.216025449511804],[121.70163232066264,25.21491562214957],[121.70209632864572,25.216025449511804]]],[[[121.7010771148737,25.215423228870183],[121.70088860393038,25.214978236234895],[121.7010771148737,25.215423228870183]]],[[[121.6983833169927,25.21546215065295],[121.69717170830978,25.214415637837234],[121.6983833169927,25.21546215065295]]],[[[121.69615995183698,25.212699672782538],[121.69625639172887,25.21235451410993],[121.69615995183698,25.212699672782538]]],[[[121.69561624361495,25.212265670595144],[121.69543839820587,25.212092823378093],[121.69561624361495,25.212265670595144]]],[[[121.69913795650224,25.206313032369923],[121.69842286011763,25.205331642855853],[121.69913795650224,25.206313032369923]]],[[[121.69708677436961,25.204325101984452],[121.69703453305237,25.204080047424636],[121.69708677436961,25.204325101984452]]],[[[121.69580424212938,25.203384379395537],[121.69524761580385,25.202846869504192],[121.69580424212938,25.203384379395537]]],[[[121.67841300648253,25.20285364577959],[121.67860389888087,25.20254253202799],[121.67841300648253,25.20285364577959]]],[[[121.69494139216924,25.202495153843433],[121.6949855727863,25.202364360400438],[121.69494139216924,25.202495153843433]]],[[[121.69294130991926,25.200032146048724],[121.6930635842006,25.199628810609127],[121.69294130991926,25.200032146048724]]],[[[121.414188300162,25.189025337203123],[121.41207451816555,25.18867286409872],[121.414188300162,25.189025337203123]]],[[[121.83952106815391,25.128753404808055],[121.83947117678217,25.128647170746127],[121.83952106815391,25.128753404808055]]],[[[121.91419707473345,25.12633613203929],[121.91750167743332,25.1283379936433],[121.91419707473345,25.12633613203929]]],[[[121.84486973914233,25.127923696680334],[121.84559439632994,25.1274057221387],[121.84486973914233,25.127923696680334]]],[[[121.8619468879018,25.126328254260475],[121.8618962113907,25.12587232258626],[121.8619468879018,25.126328254260475]]],[[[121.87430897317476,25.126182350309367],[121.87417249851326,25.125853956590564],[121.87430897317476,25.126182350309367]]],[[[121.87498490644725,25.125437533332523],[121.87497948277354,25.125301592357353],[121.87498490644725,25.125437533332523]]],[[[121.87855303780985,25.125014609423616],[121.87870543705526,25.124870357560987],[121.87855303780985,25.125014609423616]]],[[[121.85987173126395,25.12513545207985],[121.8599665089475,25.12456537949791],[121.85987173126395,25.12513545207985]]],[[[121.87550839509842,25.124714937020915],[121.875480615263,25.12456304101996],[121.87550839509842,25.124714937020915]]],[[[121.91921057416707,25.096585025716095],[121.9192242203496,25.096140742201474],[121.91921057416707,25.096585025716095]]],[[[121.91891393773886,25.096053815835706],[121.91929000453274,25.095862223818788],[121.91891393773886,25.096053815835706]]],[[[121.9185953476023,25.095422328129196],[121.91849597901513,25.0951795886083],[121.9185953476023,25.095422328129196]]],[[[121.91705760216827,25.0920691534866],[121.9163374812082,25.091700694131312],[121.91705760216827,25.0920691534866]]],[[[121.91608696443872,25.09149041936702],[121.91604360592358,25.091386274711496],[121.91608696443872,25.09149041936702]]],[[[121.93034249823107,25.065112442125205],[121.9304625406907,25.064586729654863],[121.93034249823107,25.065112442125205]]],[[[121.93147098376282,25.05643301645129],[121.93148517838425,25.056335438973992],[121.93147098376282,25.05643301645129]]],[[[121.93215480670082,25.0560206176614],[121.9322438219152,25.055881738894744],[121.93215480670082,25.0560206176614]]],[[[121.98324592227728,25.024786847057367],[121.98372544043107,25.0243623522575],[121.98324592227728,25.024786847057367]]],[[[121.98436541944498,25.023230175504985],[121.9841718298901,25.023069639522454],[121.98436541944498,25.023230175504985]]],[[[121.96344040909395,25.022836306152307],[121.96329227188642,25.022573210931473],[121.96344040909395,25.022836306152307]]],[[[122.0050352441706,25.015533141556595],[122.00406435390485,25.015450094595632],[122.0050352441706,25.015533141556595]]],[[[122.00704103775247,25.011309918600073],[122.00668768021617,25.010710368694898],[122.00704103775247,25.011309918600073]]],[[[122.00621749664337,25.00942952884271],[122.00611434687666,25.009149409222562],[122.00621749664337,25.00942952884271]]],[[[121.99266845541405,24.998173796870066],[121.99276592624962,24.998069266880282],[121.99266845541405,24.998173796870066]]],[[[121.99145059732957,24.997847991106166],[121.99135281004249,24.997682590776357],[121.99145059732957,24.997847991106166]]],[[[121.98605040102001,24.994218240937517],[121.98607399537627,24.994075928134944],[121.98605040102001,24.994218240937517]]],[[[121.98555440864827,24.99320997514627],[121.98539636332387,24.99264724392088],[121.98555440864827,24.99320997514627]]],[[[121.98427528172921,24.991128028148655],[121.98458151335586,24.989979514627958],[121.98427528172921,24.991128028148655]]],[[[121.96715779473176,24.98170360428009],[121.96713990928697,24.981489496225763],[121.96715779473176,24.98170360428009]]],[[[121.79344375564224,24.89973166049105],[121.78166625110197,24.88947782925597],[121.78522514301187,24.874298180300535],[121.77545341249905,24.865109470746052],[121.76830271973361,24.865693345631186],[121.76101340928614,24.856707140536916],[121.74570705656853,24.852825943330927],[121.73051608630014,24.85529903308575],[121.71428047932854,24.841787042711132],[121.69642863059039,24.83464635380381],[121.68764237605737,24.8248954618351],[121.68849007791842,24.81624419459081],[121.67426154978568,24.814110514618598],[121.66900436827912,24.817996179068956],[121.66069378952342,24.810830413070708],[121.64737171665517,24.813933711913556],[121.64488968066098,24.80924259985265],[121.62579692490516,24.808781676551305],[121.62542825436061,24.79505966806165],[121.59199557065811,24.78765822132885],[121.59757785221315,24.77220848769242],[121.58896594782966,24.75511953952685],[121.59608249477228,24.748317813574673],[121.59164652399724,24.744683378079515],[121.59365154415164,24.72973056861601],[121.5975687273495,24.727719888790848],[121.58725383910394,24.720140184652124],[121.57821157405533,24.722287819996605],[121.57467176981116,24.710074278535252],[121.57036289407763,24.71395025112227],[121.54325365243525,24.705662329491435],[121.53785601394723,24.699887384485603],[121.53678885114695,24.688424541136648],[121.51181191310955,24.68435146577054],[121.492767797697,24.673180962605596],[121.47984561768031,24.673776169849788],[121.47419573135907,24.69605478747557],[121.45021162273133,24.70569561134232],[121.44099609446964,24.72601972826329],[121.43418424277677,24.73013884219443],[121.42328956823414,24.76262379499353],[121.45045986041133,24.790662602270437],[121.43814999684994,24.795461880933836],[121.43655909076487,24.812038997862874],[121.42365321393693,24.825387089031892],[121.41697422731589,24.825426096022397],[121.41553177574127,24.835671081179505],[121.39382609401116,24.843980092387373],[121.37356102564951,24.833273808153017],[121.35480620419723,24.84398245767403],[121.33579419537065,24.844319142683503],[121.33720727766152,24.848395040285315],[121.35264263239304,24.849086616479404],[121.35816678855953,24.853678373859715],[121.34504640124126,24.866940952594003],[121.35442301486196,24.873422161891472],[121.34566201967517,24.879968211246084],[121.34216559707397,24.892548741222075],[121.33367795489508,24.89151101321103],[121.33330439069363,24.899382852014533],[121.3270158660421,24.89591609827273],[121.32031930341168,24.900207817050113],[121.326211865909,24.90915638996303],[121.3175556783441,24.916347789237534],[121.33977551603363,24.928497397503012],[121.32203957192297,24.92802826136071],[121.31577677739695,24.93847666322876],[121.33160476011294,24.94563861562157],[121.32797949293474,24.94913622354893],[121.32822007483117,24.972110376207926],[121.32347675884154,24.97259469921779],[121.32747032110012,24.97847477880933],[121.34269519575724,24.982313332580944],[121.36971168033837,24.977088966542105],[121.38538018004009,24.985933626355198],[121.38413658588112,24.995681920869103],[121.39401741259691,24.993396852077982],[121.40315299566664,24.999215340698456],[121.39247705042895,25.01547635186136],[121.41212619627017,25.01943143591994],[121.39827769542926,25.030086634791946],[121.4010775329305,25.037719498832445],[121.3906620796172,25.041867029488987],[121.40067399266935,25.043230329863096],[121.40306690676223,25.045643744908315],[121.3939083232907,25.049088232997956],[121.40068754424563,25.05136311497609],[121.39258080467775,25.055060233591774],[121.38447881195813,25.05250839484427],[121.39105307675683,25.06152665938869],[121.37686490713631,25.0660768838069],[121.35489704363602,25.065134458820786],[121.34645944902361,25.070285262544598],[121.35344627299301,25.073313909352297],[121.34989316749487,25.076629223726503],[121.34052436210497,25.074091349932285],[121.34797819072655,25.078780527586765],[121.34246223097837,25.080093578062005],[121.34926026579467,25.082389238252162],[121.30273043116131,25.096809284783436],[121.2983307652441,25.10447842944577],[121.29162012146045,25.102645485922228],[121.28272535565962,25.10967316387133],[121.28355815173758,25.117278089832098],[121.29433845612651,25.11961386304613],[121.29665792989877,25.12615298213387],[121.33309982802929,25.124490739078997],[121.38648890986553,25.14536347235812],[121.38787198154972,25.15199706793103],[121.39009234646956,25.14776632737518],[121.3956406310057,25.15084059968301],[121.39452157947116,25.157989364218015],[121.39594031421194,25.15199066885123],[121.40195645770969,25.158469487188274],[121.39559289956176,25.159782185476296],[121.39782969615429,25.16208693947809],[121.39146660342692,25.167859685494673],[121.4022028878576,25.158762175409073],[121.40927931997912,25.164512875621558],[121.40549532597412,25.16799203034655],[121.4093486027062,25.164562419522085],[121.41274232893412,25.167967118448363],[121.40544140563728,25.18195554377121],[121.41353848206344,25.18367713217087],[121.40501127317712,25.18354810798272],[121.41990529937445,25.19223049170593],[121.42475184515801,25.20461165965251],[121.44033225628871,25.220404738237605],[121.4505143866065,25.249381035396603],[121.4730033994476,25.25411590250478],[121.47914821242566,25.26801499811078],[121.51049215910015,25.28375580632529],[121.50907077462759,25.290580609979095],[121.51828181250737,25.284290539671527],[121.53313765553806,25.288600256465504],[121.53713383136828,25.300289903618072],[121.54751624001113,25.291787793760562],[121.56602825301644,25.291502681853157],[121.56811314877837,25.29775557617708],[121.57688752958256,25.298367703039816],[121.59796616494722,25.291468160374087],[121.5948216423991,25.29070453523966],[121.63078529497267,25.265210814760323],[121.63415923915713,25.23953920585554],[121.6489715600959,25.230205201309722],[121.64592102412941,25.22777220405095],[121.64955167492785,25.229818910695318],[121.64692581377714,25.233028585012455],[121.65174877494636,25.233300493186576],[121.64951024775512,25.223596555100784],[121.65595538720882,25.213206306786052],[121.67172936248892,25.20230879957499],[121.68687989080966,25.207451820517765],[121.68640896674064,25.20325863768761],[121.70196071443095,25.216998754314876],[121.68525576663293,25.19071547038232],[121.69258013342899,25.180157290893195],[121.69663949396758,25.18279645281246],[121.70891603302772,25.175503204400044],[121.6775885142469,25.15573046577651],[121.62678703069638,25.13960418499722],[121.63313677846686,25.130993863539135],[121.64316971475313,25.127652881916188],[121.65076763515877,25.098389881733006],[121.67404204974311,25.0829317969025],[121.68115898612285,25.088070011557182],[121.6790927271899,25.07878719317838],[121.68837773456842,25.071767634865488],[121.71236001514211,25.068024001627258],[121.73207912369006,25.052720879009808],[121.76401288354862,25.057453719570383],[121.77571073298431,25.070022252684346],[121.76937302507345,25.07791676730204],[121.76117446025793,25.07897238099752],[121.75990022715399,25.100611151614327],[121.75592907684003,25.108508435014894],[121.75002640338222,25.10974381117797],[121.76690807704662,25.112529966350234],[121.77363690697436,25.120269638316266],[121.79476305976806,25.112602564996003],[121.79886614176812,25.11914387015372],[121.79459847456957,25.12639049928063],[121.80238568987592,25.121763458844434],[121.80501656569548,25.12538239349825],[121.80319179437772,25.135757952754368],[121.810675575769,25.13272292710881],[121.82665590010146,25.135996379539172],[121.8182562999869,25.128590515929172],[121.82167636117717,25.12109935815619],[121.82817897623988,25.12167732890566],[121.82888019127093,25.12767210229523],[121.84178400106813,25.128870656086274],[121.8983926397067,25.119467143808905],[121.90465103151303,25.123627416500224],[121.91628080772989,25.122468851726875],[121.91583685970348,25.12680016783888],[121.92392594647806,25.129868960592944],[121.92340273220302,25.123399965371465],[121.9126763687372,25.113639443957247],[121.92201345455601,25.113489609858362],[121.92414441356411,25.10368598013013],[121.91978095156959,25.10281226958582],[121.91298546703348,25.08836473361047],[121.9156262144736,25.075879072548794],[121.93169092233357,25.063217132556932],[121.92547660213243,25.05785033692464],[121.93134267362574,25.05623619019114],[121.92750021110538,25.04020075928798],[121.93215145168455,25.032683004933983],[121.94734333260384,25.019909166205252],[121.97661346548941,25.026169684438493],[121.98975082283216,25.02108846581894],[121.99061209590528,25.012102164246645],[121.99778428566222,25.020152544186338],[122.00558548998538,25.014620517863516],[122.00469053873744,25.002781601140256],[121.9959631947715,25.001790317276264],[121.96678951489245,24.982456260494395],[121.96105929105023,24.988302557177267],[121.94459147299472,24.98816826883777],[121.9335207689314,24.980909127819874],[121.90283621821334,24.974398899057686],[121.88851857443443,24.96317278281643],[121.84691766584696,24.960296658836818],[121.83903392233431,24.944686858042694],[121.85362703138354,24.925162221805994],[121.83172163896806,24.90488172458996],[121.8183078409766,24.902718879886805],[121.81161753112858,24.90652182757876],[121.79344375564224,24.89973166049105]],[[121.5273774747525,24.987002876896725],[121.53526582786752,24.995115123786867],[121.54497288044757,24.983697252935293],[121.55207976148563,24.987178361837014],[121.56124211221821,24.96468310976385],[121.57859547992301,24.966607009087625],[121.5972064414741,24.96049410440127],[121.61967696356399,24.967195323378323],[121.59950806678548,24.978127199357523],[121.60195184092245,24.990323128494268],[121.59588820202819,25.00459617562302],[121.5973865892381,25.014658611547997],[121.60920339645288,25.020936862090775],[121.62326524565485,25.017255696591082],[121.63241944019487,25.02560830673323],[121.6632491647015,25.022942712292075],[121.66592789309509,25.02984165553567],[121.64679261332697,25.02798585730901],[121.61909826689865,25.04345860874424],[121.61630542080974,25.05062749198119],[121.62423549015237,25.05574700250688],[121.61613959197292,25.06391764052515],[121.62815595968344,25.088215935123934],[121.62556325073842,25.09695933700349],[121.59652137514146,25.111260290362317],[121.6017022445965,25.12597980763477],[121.60754303605006,25.129235212540657],[121.60568145068703,25.13674501409589],[121.58935604745064,25.152418028963346],[121.58985734905151,25.163725993268002],[121.5770407017002,25.166990708483887],[121.58349366624218,25.17686702339228],[121.58374128576618,25.19458142632804],[121.57171997955858,25.195400439302777],[121.56257100399226,25.209525763585837],[121.55501203603738,25.208443976331132],[121.5524615777129,25.19863807997425],[121.54476304648632,25.195631010392844],[121.54110268608773,25.18739050661458],[121.52171405874785,25.179134290808804],[121.51989589280808,25.169245741855494],[121.50257211567298,25.173248906980703],[121.48744087893884,25.151410056039296],[121.46570181720655,25.131692485145134],[121.46482374114116,25.124247013055847],[121.45878480958676,25.122957690881346],[121.45709691942494,25.108536079469655],[121.46613043884022,25.101716030784665],[121.4860318558462,25.09876749962351],[121.50248282038977,25.083200809085174],[121.5070502090352,25.070286431075825],[121.50510214060486,25.054965287694028],[121.50127372892275,25.045992835755232],[121.48736258599672,25.035724304067173],[121.48817773350018,25.01544166403311],[121.49529727802913,25.00931601130683],[121.50936996532423,25.02143789616158],[121.51978013244221,25.01921677977266],[121.53248714634468,25.007017424623452],[121.5273774747525,24.987002876896725]]]]}},{"properties":{"COUNTYSN":"10015001","COUNTYNAME":"花蓮縣","name":"花蓮縣"},"type":"Feature","geometry":{"type":"MultiPolygon","coordinates":[[[[121.50648273279204,23.507531471268518],[121.50652672031363,23.50717206416825],[121.50648273279204,23.507531471268518]]],[[[121.5141648115209,23.493096024828247],[121.51219861260805,23.491494839404222],[121.5141648115209,23.493096024828247]]],[[[121.50969278406966,23.492129560474783],[121.50907763167926,23.49167051219567],[121.50969278406966,23.492129560474783]]],[[[121.51433839050975,23.481267773486454],[121.51635631190223,23.482559299731342],[121.51433839050975,23.481267773486454]]],[[[121.37721947259374,23.28352596655517],[121.37789501792304,23.269598486834653],[121.35936735266598,23.25260189936027],[121.36086497502974,23.24422105704233],[121.35260068437512,23.231324403952307],[121.3571696680344,23.223729005071025],[121.34644949523548,23.21701607592953],[121.33497863684022,23.177971627721185],[121.32329303053109,23.178724837684513],[121.31731942273197,23.16503618058931],[121.32718856476905,23.152202716742952],[121.32035171946121,23.13776862929816],[121.32188185403805,23.116987641685142],[121.3158072808179,23.10971703554842],[121.29151346467272,23.109371214761],[121.27251330741787,23.097792606032517],[121.26430735682445,23.103919863467652],[121.2672911641921,23.11396722519189],[121.25768116504874,23.12606955465599],[121.24921837437424,23.131523397626573],[121.23851129107274,23.12872038747565],[121.23086389265325,23.13928032355678],[121.21194738060586,23.14421658113226],[121.21252379985181,23.154809836520492],[121.19919571046191,23.175178578141775],[121.19819736664464,23.18845396503322],[121.18939786530562,23.203779677834394],[121.17544813155338,23.210094335780383],[121.14673781703407,23.199156779535],[121.13934320907804,23.201933306337835],[121.12927647048008,23.223332175952418],[121.1065400112567,23.223866004970148],[121.09291184503647,23.233765069745825],[121.0783261271364,23.233429722483006],[121.06243035156754,23.26590317738983],[121.05621391974252,23.290407300879227],[121.03889744078154,23.30063270214304],[121.02834838927336,23.297135686308785],[121.03212463517342,23.303720606312428],[121.04607477969029,23.30841961009823],[121.04879220084102,23.325305727335913],[121.02683371169475,23.33770758342399],[121.02004216111798,23.35044621334684],[121.0102852881703,23.345843772105027],[121.00088229754746,23.356156893926695],[120.98711865523079,23.358709772623204],[120.98680052382456,23.366031142285284],[120.99991363448426,23.382250493040523],[121.00772456985743,23.38478118751528],[121.00112853960397,23.391660207861577],[121.00342595779125,23.395012803408836],[121.02830528499317,23.403670315126366],[121.0248848433861,23.41462474628303],[121.02941601157771,23.422333666186155],[121.0129046918292,23.43300317894875],[121.05174681665827,23.45083412520189],[121.05820655240437,23.46005169454725],[121.03912224606455,23.47420396008855],[121.05348792619182,23.487733308600717],[121.05408200679581,23.495655054280316],[121.06226995569698,23.499692759753977],[121.06844606359572,23.51842329997699],[121.08803143470551,23.514026844484953],[121.09738549085675,23.521685682241895],[121.11763892427093,23.521646493220523],[121.13529315913812,23.514990496875235],[121.15111158358943,23.527044701065012],[121.1469217903269,23.534006409034852],[121.15115690733329,23.544696333705154],[121.14617145423458,23.554532512027404],[121.15178695510112,23.560462239276724],[121.15706905310357,23.55949980608739],[121.16045106336296,23.56646521554864],[121.15213356036158,23.57312421612534],[121.1534045088663,23.586810351551236],[121.17816822979505,23.582627763012077],[121.17963002100286,23.589908800675104],[121.19413516126853,23.600564830376054],[121.206456462383,23.595790124243425],[121.21358282457642,23.600622828457887],[121.22371233341211,23.623278434895695],[121.22402920497156,23.63869206146083],[121.23584587476553,23.662664516484032],[121.23240648972478,23.67702276090972],[121.24128755459277,23.69842563348866],[121.23945741732506,23.724115888831026],[121.22962782548892,23.73005663186497],[121.23252747435264,23.75056573918618],[121.20647696607234,23.762637235827018],[121.2046343088964,23.772348974716337],[121.23046588870672,23.788071786655127],[121.22603378158377,23.80224370303726],[121.23912615588,23.82184334760739],[121.23936864599578,23.84032441282146],[121.24888130694528,23.85213162441988],[121.2530896340095,23.867987663665424],[121.26526759493288,23.87292450513365],[121.26316422453955,23.880695833671144],[121.26847074281315,23.883840409437315],[121.26656792117024,23.898388209974264],[121.26113212215468,23.902659519959474],[121.27606274233618,23.909694814562474],[121.27173641303928,23.948426382161273],[121.277876746113,23.96583598422776],[121.27350814084126,23.97524825358248],[121.26409786588887,23.9761720890589],[121.26020951709773,23.992490955211665],[121.2856977803956,24.039721081267306],[121.2833234732967,24.054457579328933],[121.29563468127336,24.06383695664046],[121.29948055622947,24.061831547468074],[121.32316230181189,24.084920764400874],[121.31892934983708,24.094907456951532],[121.32823765316353,24.11212587175546],[121.2953865806951,24.13260967791027],[121.28134588009148,24.135633954122046],[121.28467955529148,24.152180042719827],[121.28034971457397,24.157779863820004],[121.28838060578907,24.158090123679376],[121.28616624970815,24.177316211204236],[121.30736306968357,24.180471035742592],[121.32520122146201,24.195929587082627],[121.34916256637506,24.2003135745317],[121.3426922836257,24.224079905348123],[121.35191045798362,24.235001982602164],[121.3521607802049,24.244283401989133],[121.36059679176056,24.24459555787214],[121.36663035973487,24.25269375169918],[121.38463291732309,24.255516144997085],[121.38005364032513,24.280296903265693],[121.39020879823848,24.290262217265077],[121.39586859185917,24.28916187512456],[121.40279254203787,24.29740795469237],[121.40447691939963,24.308782879685374],[121.42145714610983,24.308235757686006],[121.43374245435854,24.322289602390804],[121.43473137560542,24.348149249511714],[121.44070147557348,24.35932866404342],[121.45099901378815,24.365395636699976],[121.49816399590247,24.3392536032022],[121.5244725635435,24.34265315201675],[121.53313522168459,24.337063339520594],[121.5482884435429,24.33641170066905],[121.56887354187684,24.318138267567193],[121.59971767159783,24.315304844692726],[121.60587154613386,24.3094951638492],[121.59697565997988,24.33348875764094],[121.60422132794068,24.32903360530815],[121.60782281135386,24.335425300368225],[121.61750616420233,24.33360535706857],[121.61954152452263,24.34547003893695],[121.6227660201702,24.339463795002732],[121.62744671520194,24.34107880756512],[121.6286113498384,24.333697361376615],[121.63289737948274,24.334909984710524],[121.63129582511506,24.34398619699998],[121.63545577033743,24.347582533916405],[121.62684254960817,24.349536993492165],[121.62037611846488,24.363217479545135],[121.63095228461816,24.370527686765477],[121.64861368756415,24.34959225667727],[121.65061804535259,24.359833503937548],[121.65347452068772,24.35221448462047],[121.66326025863228,24.352826590768732],[121.67484253783806,24.337753619189865],[121.685429951506,24.340739748382788],[121.68859479760025,24.333585819352884],[121.74458058448344,24.32287901879288],[121.75959359648802,24.314060069422204],[121.77355335196829,24.314521968144152],[121.77025428509693,24.304219331968607],[121.7500416675719,24.283500913597436],[121.74307750263482,24.259638826502442],[121.72830004516052,24.24576140719297],[121.7167762680164,24.242681141800205],[121.70576303833592,24.225713815287218],[121.67462517671478,24.208197338932656],[121.6647312816769,24.196819692804027],[121.65851904611624,24.171945501002433],[121.66651293131494,24.148488237071327],[121.66378791692196,24.137617726243494],[121.65758531871685,24.138348993769284],[121.66313094017886,24.13469297817097],[121.65312248640069,24.120423373770343],[121.62821284003847,24.102799506241382],[121.61819636629811,24.085777580272904],[121.6156028853102,24.06861883148224],[121.61957851150538,24.05087731049789],[121.6471917929323,24.008426723084284],[121.62800942733193,23.969437214932277],[121.64105578183292,24.00024386934178],[121.6380780031474,24.00530739513027],[121.63448722519983,23.988777546793376],[121.62192552364321,23.980380364604194],[121.62560773902743,23.973411848005913],[121.61973653674173,23.978501839002153],[121.60624106878267,23.957276959615704],[121.61131597677819,23.933454774564904],[121.59801759514522,23.86052877856646],[121.58746900040954,23.828335725250778],[121.57303499243517,23.80288639928288],[121.57288998005423,23.76010243391572],[121.56001639793847,23.72939943949786],[121.54916791628047,23.715609695577708],[121.54924380234304,23.703049057715063],[121.55344685539062,23.699260526554767],[121.54114145286293,23.660413884215167],[121.54291749664496,23.654514248076122],[121.53582836499262,23.64906236362033],[121.5309285496643,23.630292909402286],[121.52608261376793,23.577783821709893],[121.5111504124843,23.553161827499554],[121.50249843664017,23.519720385469324],[121.50492454543806,23.494254040977125],[121.51327254119914,23.491474266561323],[121.51369226183539,23.483313070852184],[121.50222730586206,23.46531774007495],[121.49581945388192,23.43467538371576],[121.48258161360526,23.43011620231219],[121.47329232318215,23.44056557202106],[121.46329569994047,23.43874703349287],[121.44694231083405,23.443741610581338],[121.44013320019812,23.43320022593627],[121.43325956526893,23.432783984944656],[121.42024008001691,23.42061993109527],[121.40001621186434,23.38536505277769],[121.40428269422324,23.367326912362373],[121.42268913980662,23.360062902961598],[121.42220202341291,23.355228423880245],[121.40974564958556,23.345867975228593],[121.39990512640271,23.323200474913605],[121.39020083886675,23.320585261276943],[121.38788402911611,23.310671284605114],[121.37784159263667,23.300893157566225],[121.37721947259374,23.28352596655517]]]]}},{"properties":{"COUNTYSN":"10012001","COUNTYNAME":"高雄市","name":"高雄市"},"type":"Feature","geometry":{"type":"Polygon","coordinates":[[[120.45430967655587,22.77177338953383],[120.4557699482751,22.71856411629493],[120.44873276871914,22.690892398699102],[120.43958724793636,22.678351073865493],[120.43348267823959,22.623252149376135],[120.43666208375613,22.608835639305052],[120.4459403849166,22.598222279699534],[120.44437978977966,22.569894701366096],[120.42285066952219,22.51842453890958],[120.4240574512121,22.47702838409176],[120.39966345722866,22.477087817979584],[120.3976556566772,22.480872127723895],[120.39672341048522,22.47754505619104],[120.39666428510859,22.48195707686988],[120.38019669577884,22.493311036955383],[120.38232581092359,22.498072281530597],[120.37830035887534,22.494389747263305],[120.34495135557775,22.52005639378987],[120.33957885502916,22.51789410745112],[120.33465177162586,22.522021502082243],[120.33806140888223,22.525228213858696],[120.33496482091066,22.529532517143878],[120.33374710448703,22.52902383157978],[120.32959078487261,22.526274693281028],[120.32537598504163,22.52938633811249],[120.33192600889383,22.534430834681075],[120.32504531268742,22.529746717564258],[120.3317403292203,22.53512080455103],[120.31461371214225,22.547222973230287],[120.29856655255298,22.547426997570522],[120.30964470132804,22.54574316254063],[120.31695231101065,22.551059989041647],[120.30822255692554,22.558159454229514],[120.30066958457674,22.551035168475437],[120.3069972862532,22.557359398411652],[120.30341143077615,22.56446505565487],[120.25515979069621,22.61892432971076],[120.2634667042924,22.626277616126437],[120.25149104207544,22.64527533081007],[120.25031777546245,22.656648999409153],[120.2643338665887,22.6777763203569],[120.26348766585261,22.68891702748522],[120.25348464257507,22.69439798776943],[120.26461691011565,22.69011416330323],[120.27008211312864,22.68003321516532],[120.27454277233358,22.683828353115786],[120.27123582695772,22.700900408113487],[120.27471471693985,22.706795291255396],[120.26463697301341,22.708555807449244],[120.26336239232764,22.696972222789448],[120.25643372307118,22.695838614975912],[120.26210262158541,22.698104322369634],[120.25924317564383,22.714219053567486],[120.23125067998323,22.76071645859908],[120.23496554599754,22.760350334917007],[120.21401068679525,22.805344127726343],[120.19789990275069,22.805239498499795],[120.19332250108839,22.807447111570546],[120.19016920290062,22.81356528343802],[120.19353821186601,22.807567773466335],[120.19798473237913,22.805463335732558],[120.20352777245114,22.806385009819863],[120.19729520142597,22.809239330255764],[120.20351858284211,22.80690206838137],[120.20258833080922,22.812654501842342],[120.20874856965338,22.81909697713638],[120.20016100208493,22.844310815167884],[120.1897951584132,22.841734686226403],[120.19808720783772,22.844591890960388],[120.19423493912875,22.847405856523874],[120.19849927750873,22.846052448150182],[120.19622800823217,22.85031470659553],[120.19292366003904,22.84839709653253],[120.19417871366173,22.859039231013252],[120.18968916884666,22.860678002817842],[120.19496966430496,22.862323334660054],[120.19018441188699,22.863818701544012],[120.19160988433258,22.86976112233588],[120.17503992092708,22.911751354531273],[120.19204595865948,22.92120219250129],[120.2176397870188,22.909664876552004],[120.22952423928002,22.916905989554795],[120.23280478780602,22.905627430964945],[120.25399308971227,22.894311009946755],[120.25875368963199,22.895274665703546],[120.25892963564158,22.90186978845511],[120.27949710320034,22.89629276946445],[120.27793747029959,22.904331739997787],[120.28445548976245,22.904742775450547],[120.31428666571871,22.899751033410546],[120.3196968089847,22.894942736826387],[120.32491407568384,22.90042836273158],[120.33220476889399,22.88935100145497],[120.35179385866859,22.88748315123996],[120.36106749498371,22.897808420240153],[120.3594626615667,22.901394239511873],[120.37248687957117,22.90665177749884],[120.37117376340998,22.912261327703398],[120.38158988333205,22.921138335247626],[120.38680418071375,22.918271035574225],[120.39858112879853,22.922442715740917],[120.40869521427,22.912343200636098],[120.41721910098596,22.917334623571943],[120.4426294493019,22.977352675104957],[120.45294200467312,22.97770914702468],[120.45470969646743,22.990627399393624],[120.46112709050782,22.990771122276357],[120.46033771403366,23.003386787637837],[120.47997139221623,23.00274527846753],[120.48404441517987,23.017026895253938],[120.5037385733636,23.028646338081632],[120.52999109362614,23.05575051777513],[120.55441669494846,23.068786886524094],[120.57435222314862,23.093461079091526],[120.60105762655536,23.144119827159404],[120.61178068255747,23.151619131988582],[120.61656565679165,23.163132779845924],[120.63617426320481,23.175131332718212],[120.64109491429065,23.182949268923476],[120.63694583790722,23.191322167084135],[120.65625279047502,23.217846768509983],[120.64955317834598,23.228338755165353],[120.64854091691993,23.249121832029132],[120.63826031882864,23.26930151312841],[120.64315803338954,23.27603798716821],[120.64365710465052,23.29601632258096],[120.6519683977136,23.29115642805552],[120.6584157389988,23.29592948127554],[120.69960068559713,23.28445773439478],[120.70674116980324,23.30463925638483],[120.71232721194772,23.308695497986637],[120.73058439069268,23.305597188000014],[120.73224099773824,23.31373002646077],[120.75286457954464,23.32697655399028],[120.75793547057245,23.344179058007914],[120.78333424726303,23.342214531445943],[120.79201612706191,23.357296356404984],[120.80065686316675,23.36068067345938],[120.80387884530498,23.370406392654452],[120.82538594104014,23.37164897481829],[120.83074295735152,23.386297940588697],[120.84100407787551,23.39493294710681],[120.83834133219496,23.39798037540168],[120.8493842201633,23.412076654953598],[120.84953300249437,23.42013426287936],[120.88675370501547,23.43484050722572],[120.90067960299957,23.45420433409176],[120.92123851286009,23.45914467160383],[120.92848896424664,23.455475036592667],[120.93660657578263,23.463730230123744],[120.96716656873063,23.471693094116812],[121.00770055818734,23.462688455779247],[121.01497433726709,23.454255823879674],[121.01047061561577,23.441101278621275],[121.014105929837,23.430768000110415],[121.02941601157771,23.422333666186155],[121.0248848433861,23.41462474628303],[121.02839323457488,23.40386210216915],[121.00321246497751,23.39479613531066],[121.00112853960397,23.391660207861577],[121.00772456985743,23.38478118751528],[120.98801196935254,23.37058265371072],[120.98703579745342,23.35892415473653],[121.00273728969285,23.355116208315284],[121.0102852881703,23.345843772105027],[121.02004216111798,23.35044621334684],[121.02683371169475,23.33770758342399],[121.04879220084102,23.325305727335913],[121.04643724214198,23.30907872098282],[121.03212463517342,23.303720606312428],[121.02386926195368,23.293736487103256],[121.00997343026002,23.29252574512172],[120.98662269048619,23.280304874396638],[120.97213001895706,23.2819307018915],[120.93774499137672,23.244798429232144],[120.92620756651864,23.2444571127402],[120.91579957663471,23.238003954680874],[120.9115955611241,23.20919423620772],[120.90588264632724,23.199388066628046],[120.91110106677415,23.182300931409973],[120.89853954216449,23.17646603157472],[120.89497463492748,23.160685021974004],[120.87639340331197,23.15134723187201],[120.88567867125383,23.14444585706057],[120.8880628013607,23.122446501749096],[120.88496521960326,23.119281274369296],[120.88939168965315,23.11005983231384],[120.88556292759954,23.08892081334605],[120.8691554498151,23.05969421805902],[120.87975050417846,23.04770789099579],[120.87984476678761,23.03519841771771],[120.86186946543664,23.031063821833445],[120.86060430048956,23.00797418478985],[120.85105655083196,23.00510751696504],[120.84895346270682,22.994616512025495],[120.83244184068566,22.980350130620256],[120.83017894481026,22.97002765744703],[120.8208429463805,22.962176574738393],[120.82473378849444,22.952555843295798],[120.82181764270229,22.935210770781552],[120.83327326054884,22.91229032910154],[120.82860449656131,22.90416398670824],[120.84042319516999,22.882010979652577],[120.85970996276814,22.878339743392687],[120.86488989500346,22.87245569127834],[120.85915674273555,22.863396794951214],[120.8695499337757,22.857679724946266],[120.86465147333573,22.843098975679506],[120.8531609509878,22.857604589373185],[120.84740047236984,22.851909364289863],[120.83741146444025,22.864109974083895],[120.82529664302955,22.866438565617848],[120.80101940547054,22.85099531081076],[120.79337864447172,22.85201039062918],[120.79258075070797,22.84102029266246],[120.77880568459096,22.83518954813504],[120.7550999293492,22.86464215884149],[120.72504176830012,22.880803549144336],[120.70433959422144,22.88054199406314],[120.69053522673396,22.864861246800167],[120.67907769351716,22.862912517901794],[120.67222800463361,22.856368733549974],[120.6605594787563,22.859974842569844],[120.65799127030249,22.879826620564735],[120.64852334470179,22.877085327555633],[120.64493085869947,22.885155778887174],[120.60535794828904,22.872995409038495],[120.55322681475815,22.828382952094586],[120.53058776568479,22.832993410088182],[120.51001047629005,22.828530701890788],[120.49272703898984,22.837284750865148],[120.47619325118026,22.838166437202823],[120.46877302830202,22.83067539761452],[120.45430967655587,22.77177338953383]]]}},{"properties":{"COUNTYSN":"10007001","COUNTYNAME":"彰化縣","name":"彰化縣"},"type":"Feature","geometry":{"type":"MultiPolygon","coordinates":[[[[120.26482340772516,23.87243127563179],[120.26169868656545,23.869013993058182],[120.26482340772516,23.87243127563179]]],[[[120.26929675129759,23.87132656516917],[120.27030733462605,23.87064965129426],[120.26929675129759,23.87132656516917]]],[[[120.27083448158179,23.86914015820578],[120.27175534520978,23.868296165576453],[120.27083448158179,23.86914015820578]]],[[[120.26581308189576,23.867842793910818],[120.26458753928391,23.86646437559328],[120.26581308189576,23.867842793910818]]],[[[120.26637771747087,23.867217448025304],[120.26548151729169,23.865603199880383],[120.26637771747087,23.867217448025304]]],[[[120.26485937703909,23.866254949499975],[120.26470007438586,23.865617519618397],[120.26485937703909,23.866254949499975]]],[[[120.62829678760964,23.93148291702954],[120.63743948170982,23.923873525178454],[120.63459552255264,23.91311667764141],[120.62930726433027,23.910819279769125],[120.63409468269045,23.907715557373173],[120.63437770911933,23.893428307247998],[120.62735687009955,23.889663573697995],[120.6254660868115,23.872635465704317],[120.61988545996086,23.868275743965192],[120.62785356517641,23.857387412560136],[120.61554880089606,23.840367016335783],[120.62616758305805,23.841953200210273],[120.62910532080092,23.838716419704973],[120.62497518307545,23.83661135915077],[120.63363154632864,23.833973011435866],[120.62361946363211,23.82943392236778],[120.6370502203606,23.83277567700665],[120.63436027822287,23.831114600114685],[120.64003067895601,23.825132342247258],[120.63377147236672,23.825851062829283],[120.65089462531998,23.81250245674939],[120.67633749197928,23.81922474976333],[120.67897397410262,23.805925410079833],[120.68389427448909,23.803355545904232],[120.6418807445779,23.78560152050757],[120.58692774840151,23.791918485292076],[120.5513656991416,23.801116868830285],[120.50883019569582,23.800424868488765],[120.45208175739536,23.81721637322182],[120.43314965453851,23.83015730517283],[120.41035381681796,23.826373818076515],[120.37031112266615,23.828558377211063],[120.35814044022764,23.822805703475893],[120.30814032834708,23.82029746489297],[120.25615721311182,23.833792509131214],[120.24223815461872,23.842329981792222],[120.26196286954169,23.86790685002637],[120.26488396701451,23.86402939700073],[120.268291980907,23.86959377847837],[120.27327869492947,23.868020089022462],[120.2870934581654,23.87468982877322],[120.31887457333328,23.935082337730837],[120.30425660636357,23.94012512685613],[120.32366833105627,23.966471221140843],[120.32999478953751,23.988658934109182],[120.3489899918935,23.99044242010559],[120.3520184674405,24.011041739966803],[120.36752299310575,24.030972962032614],[120.36377525793986,24.035146974380343],[120.37012259383299,24.032159813807727],[120.37152460771516,24.039824476145746],[120.37999514192876,24.044154796337686],[120.37599405499127,24.046969041445344],[120.38168247984574,24.044682981872644],[120.40743311462882,24.0568845192945],[120.37799255365981,24.057992873621686],[120.37752590592757,24.076518773555236],[120.39641969898274,24.085878026894836],[120.42720907435539,24.08386202091076],[120.43515181378147,24.089821794686365],[120.43081566246845,24.091645236824025],[120.43534313293021,24.09361232630274],[120.43104217861045,24.09504090313094],[120.4365117575599,24.1214327123515],[120.41760668915352,24.121370768709795],[120.41192314584936,24.10329771031428],[120.394196711219,24.106350292238837],[120.38860127142983,24.097228865757753],[120.37990451581639,24.09502684840608],[120.4040168934378,24.12586616597626],[120.41402819310422,24.13188189487521],[120.41078250507853,24.134479167775417],[120.41983739432011,24.13682102256597],[120.4391666163272,24.15864645215115],[120.46383329825245,24.161269594331657],[120.46746007702858,24.16559857975258],[120.46219823642808,24.168220286774073],[120.4709360524822,24.17754873127703],[120.4671318532352,24.179258780022707],[120.46925377676867,24.18249560292723],[120.47108976457054,24.177764545614632],[120.48590467268795,24.197417093735208],[120.50834356773328,24.186774312573704],[120.52578361845397,24.14902328629534],[120.52363265196765,24.13956542731099],[120.54542204650245,24.116466082420057],[120.61251115074064,24.102540697328205],[120.61850018858888,24.07547903332677],[120.62545225896008,24.068740100253905],[120.62513081920378,24.03018426908761],[120.63607689415346,24.03107568263923],[120.64467893359318,24.02586066902744],[120.64648774312623,24.033971987879895],[120.67866422186995,24.014030719026568],[120.67008284417867,24.009925968837955],[120.6725516909597,24.00579759850241],[120.6380393257197,24.007438112997562],[120.6365589508293,23.994943308262833],[120.65019494948214,23.983800678432047],[120.64686285160676,23.96340757198545],[120.6365862711905,23.952747498817182],[120.6268362276461,23.9564190146073],[120.6335246927166,23.953780855658636],[120.62734670485436,23.952005378113324],[120.63763468582917,23.935510027304048],[120.62829678760964,23.93148291702954]]]]}},{"properties":{"COUNTYSN":"10010001","COUNTYNAME":"嘉義縣","name":"嘉義縣"},"type":"Feature","geometry":{"type":"MultiPolygon","coordinates":[[[[120.13537463592019,23.43690010505967],[120.13775616884989,23.43471548896922],[120.13537463592019,23.43690010505967]]],[[[120.13578946455827,23.42545831559659],[120.13691164266996,23.421526168010278],[120.13578946455827,23.42545831559659]]],[[[120.14173164502466,23.41180295220321],[120.14957663999944,23.3914505882179],[120.14173164502466,23.41180295220321]]],[[[120.1489279193124,23.478703353891046],[120.1484937625628,23.4790563211136],[120.1489279193124,23.478703353891046]]],[[[120.14834523168199,23.478360680604272],[120.14782552350155,23.477736285895954],[120.14834523168199,23.478360680604272]]],[[[120.14046206278469,23.477198861520392],[120.14038432070795,23.47695451023994],[120.14046206278469,23.477198861520392]]],[[[120.14137866809476,23.476529057062702],[120.14194248188035,23.47592233616968],[120.14137866809476,23.476529057062702]]],[[[120.14281146177848,23.475392579053743],[120.14272025787835,23.475208489888335],[120.14281146177848,23.475392579053743]]],[[[120.6519683977136,23.29115642805552],[120.64711125268026,23.29736518288519],[120.64349617927199,23.295819467079806],[120.64315803338954,23.27603798716821],[120.63826031882864,23.26930151312841],[120.64854091691993,23.249121832029132],[120.65311544334723,23.224316911170888],[120.62828824309582,23.229438793967603],[120.60983067356005,23.222627805191813],[120.59725628775908,23.22899586055209],[120.59248835580962,23.239846836600616],[120.57824132019417,23.214778702494204],[120.56534884366208,23.220976135500898],[120.55502241660687,23.217450086503867],[120.54146794265573,23.22782372905396],[120.52636458332226,23.23106676570106],[120.51898926271107,23.23920583308518],[120.53228831108288,23.25515224320755],[120.52044105553439,23.27170821828262],[120.52627784547514,23.295408649197544],[120.52252506210996,23.31175903866353],[120.53997653608121,23.327908971535813],[120.53370881393123,23.336474747203106],[120.50507793953156,23.344822684435105],[120.50473932186033,23.354723139773405],[120.51246714071422,23.356356960436056],[120.50484920451753,23.368898578405084],[120.48846235411017,23.373058946551282],[120.48395301052834,23.36957447244694],[120.48455786405856,23.379658757604755],[120.49892416515824,23.387179973469333],[120.49492414674783,23.394350732552397],[120.49010334872824,23.395538408178002],[120.47937628076666,23.387595002212098],[120.47333060430529,23.398124306821902],[120.43987575097891,23.413727124246392],[120.42003615583023,23.403435046283448],[120.40810699752936,23.41342460496125],[120.38109637972644,23.403434027979213],[120.34862761967868,23.401096376479988],[120.33389843413285,23.386135482042217],[120.32343073921542,23.38358473800267],[120.31484600959543,23.388497778449256],[120.3109716150006,23.37544418058574],[120.29287923466532,23.37536781185007],[120.28582714673882,23.367139102312745],[120.28622734737549,23.350289311103623],[120.27777013735076,23.347699088562194],[120.26739322159781,23.353397982087866],[120.26071530142111,23.34447208095602],[120.26749495560756,23.344752552241115],[120.26708212231834,23.340662372255792],[120.2575312090076,23.331770155805714],[120.23787908567289,23.326900789658183],[120.22081937769595,23.295962320833038],[120.20601176676202,23.291476627169086],[120.18842862314374,23.301235038954974],[120.18926315956593,23.290442168048504],[120.18060091862998,23.290915963463185],[120.16857242649847,23.30682593831493],[120.14971080518121,23.313198750332713],[120.14750065824131,23.320690104598082],[120.11741260970686,23.340837101653257],[120.12170997879646,23.34076719183235],[120.11734588320601,23.34247187870094],[120.12289963047596,23.354640573598374],[120.13840325424502,23.37382376297842],[120.1565631138765,23.375475456660617],[120.15709057774399,23.37957769760042],[120.14728799290374,23.37649089056737],[120.14845414422336,23.38258537920049],[120.1433865981319,23.377837586208663],[120.1435079191643,23.384242524261687],[120.13942092855574,23.38461301798522],[120.15236356537889,23.38797923759891],[120.15811507059931,23.37966664937604],[120.16625045433993,23.393243709467963],[120.16185207106903,23.39451591350275],[120.1599730800608,23.406105073593512],[120.15163530936185,23.39850647816189],[120.14940766611983,23.406126975132974],[120.14952853213848,23.423011666557198],[120.15599818699836,23.42728189484528],[120.14550831250777,23.428577248707732],[120.14688919068698,23.43834860513057],[120.1555993593562,23.448245463527694],[120.1509623910104,23.448960744234704],[120.15224277051651,23.454835099111204],[120.13868672970314,23.448922817161925],[120.13876582503195,23.452645934124686],[120.1353923079619,23.447685668407733],[120.13325084557556,23.451479989329165],[120.14481478033599,23.459808418475184],[120.14486496531384,23.473386213433905],[120.14953500754659,23.47599859201321],[120.15578878745065,23.48405437995892],[120.15522580804684,23.491062882836378],[120.16994679185302,23.492182704844936],[120.15785249222253,23.495023009539306],[120.12466842326722,23.48871150247729],[120.119342361793,23.496228138878507],[120.12152456149221,23.519480363561502],[120.14245109327969,23.517417966827367],[120.1463669357867,23.5207397495498],[120.18131804539412,23.50982342429056],[120.19932246930387,23.513050432602398],[120.2230390163588,23.50430841232954],[120.23708382519641,23.50695803395983],[120.247062990556,23.51513985602411],[120.24355058548021,23.543757156162748],[120.25610568588165,23.54607503138899],[120.26342128899995,23.533549979202707],[120.27196179245522,23.53075952492428],[120.27640745351134,23.543500552441483],[120.29088059905101,23.550748111202594],[120.29020975461671,23.562424803901923],[120.31059524762978,23.564481290969695],[120.30737651628482,23.574627367736245],[120.32715942197575,23.57427292071757],[120.3331061266672,23.57912074800646],[120.33448322487955,23.592694127829198],[120.35897769505702,23.594981602604747],[120.36649684990117,23.607799699190323],[120.37999008014891,23.609998213549083],[120.38607201379173,23.620695567599835],[120.40263485175898,23.62693940835481],[120.40086816628934,23.632165888780193],[120.40146123851535,23.63291550086622],[120.40589236167207,23.633655016881487],[120.40670263863785,23.625121854727755],[120.41582595877136,23.62138363685584],[120.42064897736576,23.62516994824653],[120.42522147447954,23.618009751167957],[120.43684716714822,23.621787037571792],[120.43527858138967,23.62551104468548],[120.44455318353904,23.630542889664326],[120.45315571251518,23.63062352053587],[120.454219096675,23.626299720393614],[120.47906096907106,23.632923614015677],[120.48739382797875,23.630576752992816],[120.48875382485255,23.635915509300393],[120.50596809274866,23.63380915638966],[120.51024851136177,23.619341312200465],[120.53689395278423,23.59474968651307],[120.5561745912987,23.592984463188785],[120.5813035861765,23.582112481530025],[120.58980130829094,23.58572510366613],[120.61888582670527,23.584133329290115],[120.62340236300126,23.590102387722148],[120.64855216107743,23.59341911611437],[120.649204208093,23.58357517013936],[120.64342393154361,23.57596962154064],[120.65083283529799,23.572441072878213],[120.6699862834753,23.57850290352702],[120.6762147475398,23.570505052165654],[120.69353942824472,23.576318020769182],[120.70902521009896,23.575640113793913],[120.71765812964203,23.569047771821293],[120.73615378063558,23.570448781492516],[120.72989283158044,23.593664285873857],[120.73264314650473,23.59716148089207],[120.72483744809065,23.603805774362442],[120.73002399158734,23.610529058176272],[120.75254012127021,23.614827149281187],[120.79499655567705,23.597182182907126],[120.8139295833345,23.600944960399403],[120.82550693640064,23.586395164806973],[120.81983682138296,23.57757957638699],[120.82064007987418,23.562436785257187],[120.8089093939262,23.54600117710413],[120.80861276999188,23.53602480426703],[120.82029331849418,23.52144190202814],[120.82287543794435,23.49850863329748],[120.83276117685106,23.47458993650315],[120.839162786263,23.471133601093477],[120.86340320949787,23.47357052907018],[120.88045131780554,23.467599849631267],[120.88643889464117,23.475483294411692],[120.90262879075914,23.476133338120018],[120.93117748825449,23.470608866215038],[120.93733025140477,23.473106077531863],[120.94761026754955,23.467077700302728],[120.95758464915022,23.469496445005205],[120.93637230238036,23.46362176330066],[120.92848896424664,23.455475036592667],[120.92123851286009,23.45914467160383],[120.90067960299957,23.45420433409176],[120.88675370501547,23.43484050722572],[120.84987257710988,23.420425733356804],[120.8493842201633,23.412076654953598],[120.83834133219496,23.39798037540168],[120.84100407787551,23.39493294710681],[120.83074295735152,23.386297940588697],[120.82538594104014,23.37164897481829],[120.80387884530498,23.370406392654452],[120.80065686316675,23.36068067345938],[120.79201612706191,23.357296356404984],[120.78333424726303,23.342214531445943],[120.75793547057245,23.344179058007914],[120.75286457954464,23.32697655399028],[120.73224099773824,23.31373002646077],[120.73058439069268,23.305597188000014],[120.71232721194772,23.308695497986637],[120.70674116980324,23.30463925638483],[120.69960068559713,23.28445773439478],[120.6584157389988,23.29592948127554],[120.6519683977136,23.29115642805552]],[[120.39414145043601,23.46252766245565],[120.42930183817928,23.461035199787425],[120.43012270313083,23.45254765188616],[120.43018339989707,23.452231826694483],[120.43969330927787,23.439563504368927],[120.45255261575224,23.444568973342477],[120.4686881720279,23.461599261462542],[120.49523235445339,23.452892231050484],[120.49974033418704,23.46543139357244],[120.50936058852785,23.474302464295626],[120.50178793609396,23.480929229933906],[120.50121605779381,23.489939610502688],[120.48776637712008,23.491941434671986],[120.48316606308609,23.505367874038154],[120.47355862312459,23.506861789008227],[120.46546288238979,23.498740781260427],[120.45687873475501,23.51570577082805],[120.4406007497266,23.518232820855047],[120.44036096925947,23.511838708572174],[120.43352409236186,23.517094136441678],[120.43317208812336,23.50889147261098],[120.41667212527923,23.50531783664962],[120.4118879640988,23.498987795269503],[120.40836045290864,23.49855439904022],[120.4088169658836,23.506570493661165],[120.40037401986999,23.498797037220957],[120.38944255251171,23.498731863276497],[120.38976057914034,23.49134409187019],[120.39470769206534,23.49065914924756],[120.39365663894326,23.482600093537435],[120.39910856976108,23.478702117226852],[120.39414145043601,23.46252766245565]]]]}},{"properties":{"COUNTYSN":"09020001","COUNTYNAME":"金門縣","name":"金門縣"},"type":"Feature","geometry":{"type":"MultiPolygon","coordinates":[[[[118.3648311214179,24.428418953225275],[118.35060595967641,24.42128574687481],[118.33080354628682,24.38867585701722],[118.32379923234384,24.385457493785907],[118.29590015344908,24.39591983577398],[118.27815810203572,24.41348829826351],[118.29572018543129,24.414047732865498],[118.30088630058945,24.424344577282234],[118.31079300960556,24.4283700782705],[118.30303561434123,24.46161539719774],[118.28725679091711,24.469905908941907],[118.29183291505939,24.47853897578433],[118.3144306477589,24.489897642388268],[118.34492162978017,24.466968892951737],[118.37356585059018,24.461357917006026],[118.38633372444916,24.472798350089658],[118.37893533764856,24.483468985637757],[118.38701104872582,24.483439597756416],[118.39503161049717,24.49095320704855],[118.3924551167998,24.50923370098156],[118.4112186511305,24.51702845293385],[118.40798943178592,24.52574065566663],[118.40816635544275,24.529564941111193],[118.41422998500404,24.52426191717917],[118.42328164692944,24.52881999300899],[118.43264733414446,24.508701740832098],[118.44895158577516,24.5078531527249],[118.44879308448321,24.497913368912055],[118.45823094634049,24.48097536673708],[118.46921072313347,24.47926982756184],[118.46157455745679,24.472865413796484],[118.46544352457764,24.45469393031283],[118.47255859807427,24.45221077371993],[118.47273317518422,24.441287132236585],[118.46331609963622,24.440109761463123],[118.46566147437447,24.428587378357324],[118.45590395347772,24.42529338746955],[118.45178371271133,24.41479262182329],[118.43026425775108,24.40701131642551],[118.42629453403018,24.40931284998133],[118.43298823447843,24.412596807643848],[118.42597905260212,24.410889864971043],[118.43421238022633,24.414175952250915],[118.42823366682332,24.425036407127273],[118.4093064747223,24.427679125506433],[118.41088168355233,24.431250567781216],[118.40322673957908,24.434276881890987],[118.3860073043109,24.435015298695003],[118.3648311214179,24.428418953225275]]],[[[118.26339600369043,24.42533843681105],[118.24948784074472,24.423144196520006],[118.24559333707923,24.413693826929567],[118.23475531706201,24.413902302583352],[118.2256739425247,24.404723129020592],[118.21144735529192,24.412358181546864],[118.21705302113998,24.41449701641121],[118.21712336915103,24.425641161782057],[118.22724697305861,24.430416872249776],[118.22993563142845,24.447650474257312],[118.24362688270942,24.449185681766288],[118.24621737645417,24.453260879520464],[118.26708601014673,24.443314678573785],[118.26339600369043,24.42533843681105]]],[[[118.43552207957454,24.523287317765142],[118.43855268666562,24.52341689499525],[118.43552207957454,24.523287317765142]]],[[[118.22895673665518,24.404511668661193],[118.23053438947007,24.402745691179746],[118.22895673665518,24.404511668661193]]],[[[118.41142327484205,24.529214586568635],[118.41342227287193,24.52880946263401],[118.41142327484205,24.529214586568635]]],[[[118.45701766807419,24.415121956289894],[118.45602096319824,24.412780871187234],[118.45701766807419,24.415121956289894]]],[[[118.47558771763353,24.447879885549497],[118.47456487413842,24.447256207010923],[118.47558771763353,24.447879885549497]]],[[[118.34678332459893,24.409579346050933],[118.34547809543221,24.408058491729484],[118.34678332459893,24.409579346050933]]],[[[118.45803866461813,24.41665266872469],[118.45871301858821,24.416952989841004],[118.45803866461813,24.41665266872469]]],[[[118.3377123077349,24.395471237458903],[118.33757961529875,24.394338597491053],[118.3377123077349,24.395471237458903]]],[[[118.47804379661842,24.448614696807315],[118.4782397319358,24.446854264480756],[118.47804379661842,24.448614696807315]]],[[[118.24166310179359,24.460030768736793],[118.24250512283633,24.460341905741345],[118.24166310179359,24.460030768736793]]],[[[118.33852898663417,24.38998305814465],[118.33811812906674,24.38907471259407],[118.33852898663417,24.38998305814465]]],[[[118.46727482872654,24.46258359514346],[118.46716742785847,24.46179693506387],[118.46727482872654,24.46258359514346]]],[[[118.23157100523436,24.45774152043684],[118.23234245454714,24.45777248485283],[118.23157100523436,24.45774152043684]]],[[[118.23159913416197,24.468614029926577],[118.2316569812205,24.46828255742524],[118.23159913416197,24.468614029926577]]],[[[118.33622760819046,24.386595334716105],[118.33611775839915,24.386253635535876],[118.33622760819046,24.386595334716105]]]]}},{"properties":{"COUNTYSN":"10018001","COUNTYNAME":"新竹市","name":"新竹市"},"type":"Feature","geometry":{"type":"Polygon","coordinates":[[[120.91090061030832,24.827204872753327],[120.92100843551994,24.843182756425527],[120.91323627190252,24.851920314063996],[120.92325681732717,24.844617131543785],[120.92542265954211,24.8500039733091],[120.92140749221485,24.847780745109706],[120.91296002308017,24.854066917806076],[120.92825429173412,24.851971536045333],[120.9331696131803,24.843583689201527],[120.93435911988597,24.85263789661772],[120.95530110388971,24.834342162161477],[120.98301576022268,24.83096251272202],[121.00053454738575,24.821968966660243],[121.02571371626333,24.799099451097156],[121.02061349428124,24.79880229590874],[121.02063364212843,24.793985519730352],[121.03355249036268,24.763760057915505],[121.02821665320381,24.75831912656023],[121.02035058784209,24.756737864245917],[121.0135928414102,24.77090916952524],[120.99307248432557,24.78058546299651],[120.98322672902124,24.773305260628906],[120.98835386703153,24.76806468223658],[120.96910836896876,24.763926532018417],[120.95767236219356,24.7454190649122],[120.94394253143479,24.74399237780068],[120.93543452074101,24.712604039038222],[120.91365553845026,24.717355555266206],[120.91626376746048,24.721508328895677],[120.90784105597137,24.741071128983716],[120.89104692915974,24.73177327729094],[120.87851501801168,24.735212255795066],[120.89952106575629,24.759793621374588],[120.89136141383075,24.774757172618646],[120.8925053142502,24.788398272588783],[120.91090061030832,24.827204872753327]]]}}]}